dataset,fold,method,accuracy,train_accuracy,gap,f1,roc_auc,train_time
adult,0,RF_default,0.8566895280990889,0.9998208481560157,0.14313132005692675,0.8526998184275492,0.9031459544720468,0.2609395980834961
adult,0,XGB_default,0.8696898351929573,0.9004939472269854,0.03080411203402811,0.8660740438603581,0.9239618116555401,0.22171545028686523
adult,0,XGB_tuned,0.8687685535878801,0.8842935019066874,0.015524948318807352,0.8643250166955547,0.9247555698914184,0.10316252708435059
adult,0,XGB_early_stop,0.870713481420821,0.8927904179356589,0.022076936514837997,0.8667656002955441,0.9269422974225725,0.3239023685455322
adult,0,LGBM_default,0.8694851059473846,0.8860338341053925,0.016548728158007897,0.8651284369331889,0.9259631725648421,2.547753095626831
adult,0,LGBM_early_stop,0.8722489507626164,0.8926880454533821,0.020439094690765658,0.8683599456226465,0.9261778076006703,0.21774530410766602
adult,0,AdaPrune_gap,0.8670283550005118,0.8794308089985412,0.012402453998029417,0.8618365565316783,0.91949065131747,13.959455251693726
adult,0,AdaPrune_trend,0.8670283550005118,0.8794308089985412,0.012402453998029417,0.8618365565316783,0.91949065131747,13.849135160446167
adult,0,AdaPrune_data,0.8670283550005118,0.8794308089985412,0.012402453998029417,0.8618365565316783,0.91949065131747,13.914104223251343
adult,0,AdaPrune_hybrid,0.8670283550005118,0.8794308089985412,0.012402453998029417,0.8618365565316783,0.91949065131747,13.914755821228027
adult,1,RF_default,0.8597604667826799,0.999872034397154,0.14011156761447408,0.8554649555919814,0.9083792159610649,0.26264047622680664
adult,1,XGB_default,0.8754222540689938,0.8984720907020193,0.02304983663302551,0.871571316561192,0.9266389362114343,0.07735276222229004
adult,1,XGB_tuned,0.8765482649196438,0.8817341898497684,0.005185924930124597,0.8720328629527175,0.9276487108832109,0.07300615310668945
adult,1,XGB_early_stop,0.878288463507012,0.8886187392828807,0.010330275775868758,0.8741555738172679,0.9289755744293178,0.17531657218933105
adult,1,LGBM_default,0.8765482649196438,0.8832185908427814,0.006670325923137654,0.8724391883382915,0.9285758605633188,0.11277532577514648
adult,1,LGBM_early_stop,0.8765482649196438,0.885701123537993,0.009152858618349247,0.8725334631629996,0.928763299285275,0.16707491874694824
adult,1,AdaPrune_gap,0.8730678677449074,0.8779975942466665,0.004929726501759046,0.8679213862621863,0.9227082486506313,13.983138799667358
adult,1,AdaPrune_trend,0.8730678677449074,0.8779975942466665,0.004929726501759046,0.8679213862621863,0.9227082486506313,13.935579776763916
adult,1,AdaPrune_data,0.8730678677449074,0.8779975942466665,0.004929726501759046,0.8679213862621863,0.9227082486506313,13.819422960281372
adult,1,AdaPrune_hybrid,0.8730678677449074,0.8779975942466665,0.004929726501759046,0.8679213862621863,0.9227082486506313,13.899838924407959
adult,2,RF_default,0.8612817362817363,0.9999488150688437,0.13866707878710738,0.8568861007922355,0.9099172665228129,0.25807952880859375
adult,2,XGB_default,0.8721334971334971,0.8998054972616062,0.02767200012810911,0.8686302534125684,0.9280602481353628,0.07886147499084473
adult,2,XGB_tuned,0.8726453726453727,0.8830168398423505,0.01037146719697779,0.8679592073137979,0.9279840370806657,0.0789639949798584
adult,2,XGB_early_stop,0.872952497952498,0.8919997952602754,0.019047297307777433,0.8689747394840902,0.9297148946459185,0.20694994926452637
adult,2,LGBM_default,0.8713144963144963,0.8853969391411168,0.014082442826620523,0.8670899539330416,0.9287047454755191,0.1116025447845459
adult,2,LGBM_early_stop,0.872031122031122,0.8869836720069612,0.014952549975839169,0.8678667156000909,0.92891863740047,0.16428852081298828
adult,2,AdaPrune_gap,0.8696764946764947,0.8786405282284895,0.008964033551994821,0.8642706735141306,0.9239215876637019,13.956376075744629
adult,2,AdaPrune_trend,0.8696764946764947,0.8786405282284895,0.008964033551994821,0.8642706735141306,0.9239215876637019,13.89397382736206
adult,2,AdaPrune_data,0.8696764946764947,0.8786405282284895,0.008964033551994821,0.8642706735141306,0.9239215876637019,13.925482034683228
adult,2,AdaPrune_hybrid,0.8696764946764947,0.8786405282284895,0.008964033551994821,0.8642706735141306,0.9239215876637019,14.092419385910034
adult,3,RF_default,0.857084357084357,0.9998720376721093,0.14278768058775226,0.8523243356655651,0.9055132061636576,0.2567453384399414
adult,3,XGB_default,0.8752047502047502,0.900342939038747,0.025138188833996766,0.871202966362693,0.9306564625045354,0.08268284797668457
adult,3,XGB_tuned,0.8768427518427518,0.8827609151865691,0.005918163343817229,0.8720064501286533,0.9311126923393409,0.06539630889892578
adult,3,XGB_early_stop,0.8790950040950041,0.8910528740338844,0.011957869938880372,0.8748935104841354,0.9325679002492593,0.19730401039123535
adult,3,LGBM_default,0.8754095004095004,0.8844500179147259,0.009040517505225498,0.8709347199740732,0.9305571894721986,0.10584259033203125
adult,3,LGBM_early_stop,0.8771498771498771,0.8864718226953985,0.009321945545521348,0.8727495798627926,0.9306699369184372,0.1667461395263672
adult,3,AdaPrune_gap,0.8709049959049959,0.8778983467267236,0.006993350821727695,0.8647773845991115,0.9231527399097803,14.021055459976196
adult,3,AdaPrune_trend,0.8709049959049959,0.8778983467267236,0.006993350821727695,0.8647773845991115,0.9231527399097803,13.909825086593628
adult,3,AdaPrune_data,0.8709049959049959,0.8778983467267236,0.006993350821727695,0.8647773845991115,0.9231527399097803,15.164202213287354
adult,3,AdaPrune_hybrid,0.8709049959049959,0.8778983467267236,0.006993350821727695,0.8647773845991115,0.9231527399097803,15.17736268043518
adult,4,RF_default,0.8525798525798526,0.9999232226032656,0.14734337002341302,0.8477824563713046,0.9059941678820991,0.30530285835266113
adult,4,XGB_default,0.8705978705978706,0.9003941239699033,0.02979625337203262,0.8673237785783618,0.9280704691117201,0.07952404022216797
adult,4,XGB_tuned,0.8748976248976249,0.8830168398423505,0.008119214944725561,0.870318863466858,0.9288758244657006,0.07187438011169434
adult,4,XGB_early_stop,0.8744881244881245,0.8899779904796028,0.01548986599147828,0.8708056399351746,0.9303666186482318,0.1886730194091797
adult,4,LGBM_default,0.8725429975429976,0.8854993090034294,0.012956311460431857,0.868504203310947,0.9289080709263204,0.11189723014831543
adult,4,LGBM_early_stop,0.872952497952498,0.8943287096278856,0.021376211675387613,0.8693546320263984,0.9295603419668049,0.2137744426727295
adult,4,AdaPrune_gap,0.8647624897624898,0.8789988227465834,0.014236332984093547,0.8596665001434304,0.9223939115918367,16.453447103500366
adult,4,AdaPrune_trend,0.8647624897624898,0.8789988227465834,0.014236332984093547,0.8596665001434304,0.9223939115918367,16.84421968460083
adult,4,AdaPrune_data,0.8647624897624898,0.8789988227465834,0.014236332984093547,0.8596665001434304,0.9223939115918367,17.61612057685852
adult,4,AdaPrune_hybrid,0.8647624897624898,0.8789988227465834,0.014236332984093547,0.8596665001434304,0.9223939115918367,16.330429077148438
bank-marketing,0,RF_default,0.9052305650779608,0.999944702499447,0.09471413742148616,0.8970599594244382,0.9304990571878036,0.269625186920166
bank-marketing,0,XGB_default,0.9068893066460245,0.9562596770625967,0.04937037041657222,0.9016226821116843,0.9331390497068581,0.08820056915283203
bank-marketing,0,XGB_tuned,0.9108702864093774,0.9294956867949569,0.01862540038557947,0.9046385650906883,0.9374333728292533,0.07474327087402344
bank-marketing,0,XGB_early_stop,0.9112020347229901,0.9412187569121876,0.030016722189197487,0.9059136416283355,0.9380588366893028,0.18659496307373047
bank-marketing,0,LGBM_default,0.9112020347229901,0.9318458305684583,0.02064379584546816,0.905321520278003,0.9383076491483915,0.11591935157775879
bank-marketing,0,LGBM_early_stop,0.9117549485790114,0.9416334881663349,0.02987853958732345,0.9063296189459996,0.93879414734385,0.21366381645202637
bank-marketing,0,AdaPrune_gap,0.9091009620701095,0.929274496792745,0.0201735347226355,0.9034118132061306,0.9348931657064936,17.3491427898407
bank-marketing,0,AdaPrune_trend,0.9091009620701095,0.929274496792745,0.0201735347226355,0.9034118132061306,0.9348931657064936,18.06936550140381
bank-marketing,0,AdaPrune_data,0.9091009620701095,0.929274496792745,0.0201735347226355,0.9034118132061306,0.9348931657064936,19.993723392486572
bank-marketing,0,AdaPrune_hybrid,0.9091009620701095,0.929274496792745,0.0201735347226355,0.9034118132061306,0.9348931657064936,18.604376554489136
bank-marketing,1,RF_default,0.90278699402787,0.9999723520141558,0.0971853579862858,0.893790651395659,0.9292884778638282,0.27039480209350586
bank-marketing,1,XGB_default,0.9062154390621544,0.9565373662528684,0.050321927190714044,0.900390592142586,0.9327850410152906,0.10157322883605957
bank-marketing,1,XGB_tuned,0.9051094890510949,0.9327048024551411,0.027595313404046196,0.8988980095888485,0.935877167987043,0.0799098014831543
bank-marketing,1,XGB_early_stop,0.9046671090466711,0.9414415659819182,0.03677445693524706,0.8981569012152087,0.9364641247277149,0.19721007347106934
bank-marketing,1,LGBM_default,0.9075425790754258,0.9322900826674777,0.02474750359205191,0.9018001592349077,0.9377252405023848,0.12429285049438477
bank-marketing,1,LGBM_early_stop,0.9086485290864853,0.9392020791285355,0.03055355004205018,0.9029747984785094,0.9380223917954016,0.21047425270080566
bank-marketing,1,AdaPrune_gap,0.9037823490378235,0.9297188199839642,0.02593647094614071,0.8969914972763214,0.9294754414764201,17.5625958442688
bank-marketing,1,AdaPrune_trend,0.9037823490378235,0.9297188199839642,0.02593647094614071,0.8969914972763214,0.9294754414764201,16.28960657119751
bank-marketing,1,AdaPrune_data,0.9037823490378235,0.9297188199839642,0.02593647094614071,0.8969914972763214,0.9294754414764201,16.244988918304443
bank-marketing,1,AdaPrune_hybrid,0.9037823490378235,0.9297188199839642,0.02593647094614071,0.8969914972763214,0.9294754414764201,15.997037649154663
bank-marketing,2,RF_default,0.9045565140455651,1.0,0.09544348595443486,0.8961517049278246,0.9242346933943502,0.25592708587646484
bank-marketing,2,XGB_default,0.9030081840300819,0.9563714783378031,0.05336329430772124,0.8982691853503891,0.9261363582552629,0.09001326560974121
bank-marketing,2,XGB_tuned,0.9061048440610484,0.9301335397716276,0.024028695710579195,0.9002021982708469,0.9294811267146769,0.08091378211975098
bank-marketing,2,XGB_early_stop,0.9052200840522009,0.9380132157372335,0.03279313168503262,0.8998847267343679,0.928722757424111,0.16936707496643066
bank-marketing,2,LGBM_default,0.9059942490599425,0.9327048024551411,0.026710553395198566,0.9014746349650476,0.9324359967572194,0.1273794174194336
bank-marketing,2,LGBM_early_stop,0.9067684140676842,0.930299427686693,0.02353101361900889,0.902017515893654,0.9325016999973481,0.14345264434814453
bank-marketing,2,AdaPrune_gap,0.9031187790311878,0.9296635240122757,0.026544744981087942,0.8976389704647595,0.9278031488307428,16.073013067245483
bank-marketing,2,AdaPrune_trend,0.9031187790311878,0.9296635240122757,0.026544744981087942,0.8976389704647595,0.9278031488307428,18.27971625328064
bank-marketing,2,AdaPrune_data,0.9031187790311878,0.9296635240122757,0.026544744981087942,0.8976389704647595,0.9278031488307428,19.10463786125183
bank-marketing,2,AdaPrune_hybrid,0.9031187790311878,0.9296635240122757,0.026544744981087942,0.8976389704647595,0.9278031488307428,18.73448395729065
bank-marketing,3,RF_default,0.9095332890953329,0.9999723520141558,0.09043906291882287,0.8996737020694239,0.9307664241526532,0.2443392276763916
bank-marketing,3,XGB_default,0.9103074541030746,0.954684951201305,0.04437749709823047,0.9044686824245929,0.9333376109496878,0.08543515205383301
bank-marketing,3,XGB_tuned,0.913846494138465,0.9303547236583815,0.016508229519916484,0.9068372097708348,0.9376019880024699,0.07863521575927734
bank-marketing,3,XGB_early_stop,0.9117451891174518,0.9401144626613951,0.028369273543943252,0.9054733812932024,0.9375621517136352,0.18653512001037598
bank-marketing,3,LGBM_default,0.9104180491041804,0.930769443446045,0.020351394341864504,0.903156735916468,0.9385092846373276,0.11203312873840332
bank-marketing,3,LGBM_early_stop,0.9122981641229816,0.9432939810334817,0.03099581691050013,0.906090879221583,0.9386492739732775,0.227294921875
bank-marketing,3,AdaPrune_gap,0.9097544790975448,0.9285852525643506,0.01883077346680584,0.9021668340011921,0.9314904028283411,18.801254749298096
bank-marketing,3,AdaPrune_trend,0.9097544790975448,0.9285852525643506,0.01883077346680584,0.9021668340011921,0.9314904028283411,19.932278394699097
bank-marketing,3,AdaPrune_data,0.9097544790975448,0.9285852525643506,0.01883077346680584,0.9021668340011921,0.9314904028283411,19.592709064483643
bank-marketing,3,AdaPrune_hybrid,0.9097544790975448,0.9285852525643506,0.01883077346680584,0.9021668340011921,0.9314904028283411,20.909762859344482
bank-marketing,4,RF_default,0.90278699402787,1.0,0.09721300597213,0.8934327771091413,0.9234342385148369,0.26181960105895996
bank-marketing,4,XGB_default,0.9045565140455651,0.9573668058281954,0.0528102917826303,0.8996425371359462,0.9279628491387313,0.10019207000732422
bank-marketing,4,XGB_tuned,0.9078743640787437,0.9318200669081257,0.02394570282938202,0.9018772040193412,0.9295315583908839,0.08296442031860352
bank-marketing,4,XGB_early_stop,0.90687900906879,0.9391744311426913,0.03229542207390124,0.9012053651853692,0.9315513706998115,0.1689305305480957
bank-marketing,4,LGBM_default,0.9064366290643663,0.930658851502668,0.024222222438301744,0.9004244753148245,0.9298054402756363,0.11717057228088379
bank-marketing,4,LGBM_early_stop,0.907100199071002,0.924797478503691,0.01769727943268895,0.9007640414413691,0.9301691165885645,0.13438868522644043
bank-marketing,4,AdaPrune_gap,0.9035611590356116,0.9289723243661699,0.025411165330558316,0.8967077549970833,0.9251141105462343,17.913769960403442
bank-marketing,4,AdaPrune_trend,0.9035611590356116,0.9289723243661699,0.025411165330558316,0.8967077549970833,0.9251141105462343,18.941215753555298
bank-marketing,4,AdaPrune_data,0.9035611590356116,0.9289723243661699,0.025411165330558316,0.8967077549970833,0.9251141105462343,19.353455066680908
bank-marketing,4,AdaPrune_hybrid,0.9035611590356116,0.9289723243661699,0.025411165330558316,0.8967077549970833,0.9251141105462343,18.95018172264099
credit-default,0,RF_default,0.8165,0.99925,0.18274999999999997,0.7970340105648561,0.7713649439367057,0.3255164623260498
credit-default,0,XGB_default,0.8125,0.886125,0.07362500000000005,0.7913446798922885,0.7722713950837596,0.0973043441772461
credit-default,0,XGB_tuned,0.8191666666666667,0.8439583333333334,0.024791666666666656,0.797308584718786,0.7911802657977801,0.09219741821289062
credit-default,0,XGB_early_stop,0.82,0.8380833333333333,0.01808333333333334,0.7972984394705315,0.7949943233980442,0.10183000564575195
credit-default,0,LGBM_default,0.819,0.842,0.02300000000000002,0.7975640957200778,0.7871346795572702,0.09994196891784668
credit-default,0,LGBM_early_stop,0.8206666666666667,0.82775,0.00708333333333333,0.7989409123663789,0.7940888393041344,0.08416318893432617
credit-default,0,AdaPrune_gap,0.8186666666666667,0.8427916666666667,0.024125000000000063,0.7967976188482541,0.7886737446360786,30.999669075012207
credit-default,0,AdaPrune_trend,0.82,0.8419166666666666,0.021916666666666695,0.7983897944720056,0.7889568494440089,31.15442705154419
credit-default,0,AdaPrune_data,0.8186666666666667,0.8427916666666667,0.024125000000000063,0.7967976188482541,0.7886737446360786,32.44056415557861
credit-default,0,AdaPrune_hybrid,0.8186666666666667,0.8420833333333333,0.02341666666666664,0.7968963855421688,0.7885607605937448,29.96804118156433
credit-default,1,RF_default,0.8133333333333334,0.9992916666666667,0.18595833333333334,0.794683288975047,0.7617076147007509,0.32128238677978516
credit-default,1,XGB_default,0.8098333333333333,0.8840416666666666,0.07420833333333332,0.7905965897284907,0.7628799928270455,0.10680198669433594
credit-default,1,XGB_tuned,0.8203333333333334,0.8455416666666666,0.025208333333333277,0.8002722993320392,0.7786600895232454,0.09637951850891113
credit-default,1,XGB_early_stop,0.8171666666666667,0.8374583333333333,0.020291666666666597,0.7953372255776694,0.7808410031105917,0.09664487838745117
credit-default,1,LGBM_default,0.8186666666666667,0.8445,0.025833333333333375,0.7984195377302956,0.7749231544034892,0.09821128845214844
credit-default,1,LGBM_early_stop,0.8206666666666667,0.8313333333333334,0.010666666666666713,0.7994977808967192,0.779702490102113,0.10233473777770996
credit-default,1,AdaPrune_gap,0.816,0.84375,0.027750000000000052,0.7952616102676504,0.7729071316874134,26.629099369049072
credit-default,1,AdaPrune_trend,0.816,0.84375,0.027750000000000052,0.7952616102676504,0.7729071316874134,26.51684856414795
credit-default,1,AdaPrune_data,0.816,0.84375,0.027750000000000052,0.7952616102676504,0.7729071316874134,26.514562129974365
credit-default,1,AdaPrune_hybrid,0.816,0.84375,0.027750000000000052,0.7952616102676504,0.7729071316874134,26.193093061447144
credit-default,2,RF_default,0.8151666666666667,0.999375,0.1842083333333333,0.7947704365067322,0.7598793821260876,0.32682180404663086
credit-default,2,XGB_default,0.8101666666666667,0.8874583333333333,0.07729166666666665,0.7897108073299302,0.7668851880586434,0.09709429740905762
credit-default,2,XGB_tuned,0.8181666666666667,0.8456666666666667,0.02749999999999997,0.7967517120238775,0.7795730769733165,0.09701085090637207
credit-default,2,XGB_early_stop,0.8178333333333333,0.841625,0.023791666666666655,0.7962808104276907,0.780924617699104,0.12377667427062988
credit-default,2,LGBM_default,0.8196666666666667,0.8440833333333333,0.024416666666666642,0.7986706691560247,0.7800771834413766,0.09621286392211914
credit-default,2,LGBM_early_stop,0.8195,0.8304583333333333,0.010958333333333292,0.7978510419670555,0.7835203789796955,0.0878448486328125
credit-default,2,AdaPrune_gap,0.8138333333333333,0.844625,0.03079166666666666,0.7907896568581949,0.7746160300373921,27.57025647163391
credit-default,2,AdaPrune_trend,0.8148333333333333,0.8450416666666667,0.030208333333333393,0.7917080468522077,0.7747776956593466,28.025720834732056
credit-default,2,AdaPrune_data,0.8138333333333333,0.844625,0.03079166666666666,0.7907896568581949,0.7746160300373921,28.901561737060547
credit-default,2,AdaPrune_hybrid,0.8148333333333333,0.8450416666666667,0.030208333333333393,0.7917080468522077,0.7747776956593466,28.79777479171753
credit-default,3,RF_default,0.8211666666666667,0.9995,0.17833333333333334,0.8016186266406002,0.7649960789031442,0.40636348724365234
credit-default,3,XGB_default,0.8183333333333334,0.88675,0.06841666666666668,0.7973763334074188,0.7649289937173757,0.11906886100769043
credit-default,3,XGB_tuned,0.8248333333333333,0.8443333333333334,0.019500000000000073,0.8050443460377847,0.7819695984774242,0.09603261947631836
credit-default,3,XGB_early_stop,0.8268333333333333,0.8389166666666666,0.012083333333333335,0.8059695831375302,0.7818141414604026,0.11253690719604492
credit-default,3,LGBM_default,0.8265,0.8407083333333333,0.014208333333333267,0.8061598946109729,0.7841589783442247,0.11134672164916992
credit-default,3,LGBM_early_stop,0.8266666666666667,0.8287083333333334,0.0020416666666667194,0.8058300810334752,0.7837980729457863,0.09745025634765625
credit-default,3,AdaPrune_gap,0.8243333333333334,0.8415,0.017166666666666663,0.8042554270607464,0.7769467564554574,28.717379331588745
credit-default,3,AdaPrune_trend,0.825,0.841375,0.01637500000000003,0.8049052874016234,0.7767085717934854,28.271326541900635
credit-default,3,AdaPrune_data,0.8243333333333334,0.8415,0.017166666666666663,0.8042554270607464,0.7769467564554574,30.103662967681885
credit-default,3,AdaPrune_hybrid,0.8246666666666667,0.84175,0.01708333333333334,0.8046268588879555,0.7769011998088717,28.220499992370605
credit-default,4,RF_default,0.8133333333333334,0.9995,0.1861666666666667,0.7929774607113317,0.7616781036695113,0.32628679275512695
credit-default,4,XGB_default,0.812,0.8894583333333334,0.0774583333333333,0.793681285038141,0.7611136044080127,0.10323929786682129
credit-default,4,XGB_tuned,0.8156666666666667,0.8472083333333333,0.03154166666666669,0.7961346507692312,0.7733772924064246,0.08742928504943848
credit-default,4,XGB_early_stop,0.8178333333333333,0.8390833333333333,0.02124999999999999,0.7958852303843317,0.7775687457860101,0.10186362266540527
credit-default,4,LGBM_default,0.8183333333333334,0.844375,0.02604166666666663,0.7987106428484232,0.7763117854964087,0.11867523193359375
credit-default,4,LGBM_early_stop,0.819,0.8345833333333333,0.015583333333333393,0.7985042223720181,0.7779784330803502,0.10172724723815918
credit-default,4,AdaPrune_gap,0.8146666666666667,0.84375,0.02908333333333335,0.7939729098861109,0.7708562762787268,29.954496145248413
credit-default,4,AdaPrune_trend,0.8146666666666667,0.84375,0.02908333333333335,0.7939729098861109,0.7708562762787268,30.379452228546143
credit-default,4,AdaPrune_data,0.8146666666666667,0.84375,0.02908333333333335,0.7939729098861109,0.7708562762787268,30.7676260471344
credit-default,4,AdaPrune_hybrid,0.8146666666666667,0.84375,0.02908333333333335,0.7939729098861109,0.7708562762787268,30.327991247177124
credit-g,0,RF_default,0.775,1.0,0.22499999999999998,0.752232846485237,0.8122619047619047,0.09144830703735352
credit-g,0,XGB_default,0.775,1.0,0.22499999999999998,0.7678993663104134,0.7832142857142858,0.038881540298461914
credit-g,0,XGB_tuned,0.755,0.9725,0.21750000000000003,0.7455519760135243,0.7836904761904762,0.030092954635620117
credit-g,0,XGB_early_stop,0.78,0.955,0.17499999999999993,0.7633193674820922,0.8071428571428572,0.0375361442565918
credit-g,0,LGBM_default,0.76,1.0,0.24,0.7515981735159818,0.7727380952380952,0.04637551307678223
credit-g,0,LGBM_early_stop,0.785,0.85625,0.07124999999999992,0.7655220017256255,0.7929761904761904,0.027367591857910156
credit-g,0,AdaPrune_gap,0.765,0.9,0.135,0.7503625947879068,0.787142857142857,0.44301772117614746
credit-g,0,AdaPrune_trend,0.765,0.9,0.135,0.7503625947879068,0.7880952380952381,0.47309374809265137
credit-g,0,AdaPrune_data,0.725,0.8625,0.13750000000000007,0.7000862812769629,0.7866666666666666,0.42791295051574707
credit-g,0,AdaPrune_hybrid,0.75,0.8675,0.11750000000000005,0.7286184210526315,0.7866666666666666,0.42617011070251465
credit-g,1,RF_default,0.77,1.0,0.22999999999999998,0.7566521910777735,0.76375,0.09357976913452148
credit-g,1,XGB_default,0.75,1.0,0.25,0.7394429469901168,0.7670238095238094,0.040277957916259766
credit-g,1,XGB_tuned,0.745,0.97125,0.22624999999999995,0.7351663423814232,0.753452380952381,0.029516935348510742
credit-g,1,XGB_early_stop,0.73,0.8775,0.14749999999999996,0.706907894736842,0.7328571428571428,0.024247407913208008
credit-g,1,LGBM_default,0.755,1.0,0.245,0.7455519760135243,0.7514285714285714,0.05016160011291504
credit-g,1,LGBM_early_stop,0.74,0.85125,0.11124999999999996,0.7122529644268775,0.7277380952380953,0.028181791305541992
credit-g,1,AdaPrune_gap,0.735,0.8925,0.15749999999999997,0.7247807087493221,0.7551190476190476,0.40921998023986816
credit-g,1,AdaPrune_trend,0.735,0.8925,0.15749999999999997,0.7247807087493221,0.7535714285714286,0.5591003894805908
credit-g,1,AdaPrune_data,0.76,0.86375,0.10375000000000001,0.7498652291105122,0.7511904761904762,0.4532644748687744
credit-g,1,AdaPrune_hybrid,0.745,0.86875,0.12375000000000003,0.7332687651331719,0.7626190476190478,0.47827982902526855
credit-g,2,RF_default,0.745,1.0,0.255,0.7291168581741116,0.7601785714285714,0.09870171546936035
credit-g,2,XGB_default,0.775,1.0,0.22499999999999998,0.7646489104116222,0.7775000000000001,0.0411829948425293
credit-g,2,XGB_tuned,0.72,0.965,0.245,0.7081761006289308,0.7714285714285715,0.0325467586517334
credit-g,2,XGB_early_stop,0.755,0.91875,0.16374999999999995,0.7397397264810093,0.7551190476190478,0.03390812873840332
credit-g,2,LGBM_default,0.75,1.0,0.25,0.741248097412481,0.7535714285714286,0.05644989013671875
credit-g,2,LGBM_early_stop,0.75,0.97,0.21999999999999997,0.7394429469901168,0.7521428571428572,0.04575681686401367
credit-g,2,AdaPrune_gap,0.715,0.87,0.15500000000000003,0.7018886198547216,0.7561904761904763,0.4887998104095459
credit-g,2,AdaPrune_trend,0.735,0.8675,0.13250000000000006,0.7184939898672141,0.7564285714285715,0.42916250228881836
credit-g,2,AdaPrune_data,0.735,0.84,0.10499999999999998,0.7207152430453401,0.7511904761904763,0.43433165550231934
credit-g,2,AdaPrune_hybrid,0.71,0.84125,0.1312500000000001,0.6955301455301455,0.7458333333333335,0.45493125915527344
credit-g,3,RF_default,0.745,1.0,0.255,0.7163341512856075,0.8185119047619048,0.09112954139709473
credit-g,3,XGB_default,0.745,1.0,0.255,0.7386327503974561,0.7867857142857143,0.03833341598510742
credit-g,3,XGB_tuned,0.79,0.96875,0.17874999999999996,0.781132075471698,0.8059523809523809,0.02743220329284668
credit-g,3,XGB_early_stop,0.79,0.9425,0.15249999999999997,0.7795218295218295,0.8285714285714286,0.03376626968383789
credit-g,3,LGBM_default,0.79,1.0,0.20999999999999996,0.7795218295218295,0.8124999999999999,0.05405569076538086
credit-g,3,LGBM_early_stop,0.78,0.965,0.18499999999999994,0.7707097933513027,0.8308333333333333,0.04234814643859863
credit-g,3,AdaPrune_gap,0.76,0.88625,0.12624999999999997,0.7460718515594158,0.8117857142857143,0.3961946964263916
credit-g,3,AdaPrune_trend,0.765,0.8875,0.12249999999999994,0.7503625947879068,0.8163095238095238,0.5041143894195557
credit-g,3,AdaPrune_data,0.77,0.8525,0.08250000000000002,0.7566521910777735,0.8136904761904761,0.4533369541168213
credit-g,3,AdaPrune_hybrid,0.755,0.86875,0.11375000000000002,0.7437288135593221,0.8247619047619048,0.41873717308044434
credit-g,4,RF_default,0.76,1.0,0.24,0.7316129032258064,0.7874404761904762,0.08651947975158691
credit-g,4,XGB_default,0.75,1.0,0.25,0.7375259875259874,0.7869047619047619,0.05023550987243652
credit-g,4,XGB_tuned,0.76,0.96625,0.20625000000000004,0.748024948024948,0.778452380952381,0.030889034271240234
credit-g,4,XGB_early_stop,0.775,0.96,0.18499999999999994,0.7646489104116222,0.7759523809523811,0.039632320404052734
credit-g,4,LGBM_default,0.77,1.0,0.22999999999999998,0.7602875112309075,0.7925,0.04996013641357422
credit-g,4,LGBM_early_stop,0.79,0.9425,0.15249999999999997,0.781132075471698,0.7926190476190476,0.041092872619628906
credit-g,4,AdaPrune_gap,0.755,0.875,0.12,0.7417933379098427,0.7601190476190476,0.42977046966552734
credit-g,4,AdaPrune_trend,0.755,0.88125,0.12624999999999997,0.7417933379098427,0.7619047619047619,0.46402549743652344
credit-g,4,AdaPrune_data,0.765,0.86625,0.10124999999999995,0.7503625947879068,0.7648809523809524,0.44176483154296875
credit-g,4,AdaPrune_hybrid,0.765,0.87625,0.11124999999999996,0.7503625947879068,0.7801190476190476,0.45870113372802734
diabetes,0,RF_default,0.7922077922077922,1.0,0.20779220779220775,0.7865535824719498,0.856111111111111,0.0847160816192627
diabetes,0,XGB_default,0.7467532467532467,1.0,0.2532467532467533,0.7450067174205105,0.8049999999999999,0.03692126274108887
diabetes,0,XGB_tuned,0.7532467532467533,0.9755700325732899,0.22232327932653662,0.7509206479794716,0.8355555555555555,0.03351569175720215
diabetes,0,XGB_early_stop,0.7727272727272727,0.9250814332247557,0.15235416049748296,0.7686942607304208,0.8475925925925926,0.024571657180786133
diabetes,0,LGBM_default,0.7662337662337663,1.0,0.23376623376623373,0.765185682988784,0.8181481481481482,0.031327009201049805
diabetes,0,LGBM_early_stop,0.8051948051948052,0.8745928338762216,0.06939802868141631,0.8033584062995828,0.8472222222222222,0.017724037170410156
diabetes,0,AdaPrune_gap,0.7662337662337663,0.8794788273615635,0.1132450611277972,0.7613786213786214,0.8353703703703704,0.34143829345703125
diabetes,0,AdaPrune_trend,0.7662337662337663,0.8794788273615635,0.1132450611277972,0.7613786213786214,0.8353703703703704,0.35165977478027344
diabetes,0,AdaPrune_data,0.7532467532467533,0.8697068403908795,0.11646008714412626,0.7495827986975903,0.8394444444444444,0.29000139236450195
diabetes,0,AdaPrune_hybrid,0.7727272727272727,0.8811074918566775,0.10838021912940476,0.7672901261418008,0.8425925925925926,0.3495447635650635
diabetes,1,RF_default,0.7792207792207793,1.0,0.22077922077922074,0.7746353646353646,0.8404629629629631,0.11250710487365723
diabetes,1,XGB_default,0.7727272727272727,1.0,0.2272727272727273,0.7699825630206876,0.8287037037037037,0.04078173637390137
diabetes,1,XGB_tuned,0.7597402597402597,0.9674267100977199,0.20768645035746014,0.7554767899150163,0.8487037037037037,0.03088545799255371
diabetes,1,XGB_early_stop,0.7727272727272727,0.9283387622149837,0.15561148948771097,0.7672901261418008,0.8566666666666667,0.02478957176208496
diabetes,1,LGBM_default,0.7727272727272727,1.0,0.2272727272727273,0.7672901261418008,0.8351851851851851,0.034253597259521484
diabetes,1,LGBM_early_stop,0.7857142857142857,0.8843648208469055,0.09865053513261979,0.7791497113820854,0.862962962962963,0.020604610443115234
diabetes,1,AdaPrune_gap,0.7857142857142857,0.9022801302931596,0.11656584457887387,0.7791497113820854,0.8646296296296296,0.3500354290008545
diabetes,1,AdaPrune_trend,0.7857142857142857,0.9022801302931596,0.11656584457887387,0.7791497113820854,0.8646296296296296,0.2955794334411621
diabetes,1,AdaPrune_data,0.7792207792207793,0.8990228013029316,0.11980202208215229,0.7716705464346973,0.8646296296296295,0.3156735897064209
diabetes,1,AdaPrune_hybrid,0.7597402597402597,0.8957654723127035,0.13602521257244382,0.7487456279654329,0.8601851851851852,0.35533809661865234
diabetes,2,RF_default,0.7662337662337663,1.0,0.23376623376623373,0.7613786213786214,0.8239814814814815,0.08649969100952148
diabetes,2,XGB_default,0.7597402597402597,1.0,0.24025974025974028,0.7539924190641895,0.7868518518518519,0.039209842681884766
diabetes,2,XGB_tuned,0.7272727272727273,0.9690553745928339,0.24178264732010657,0.7260499634869146,0.7881481481481482,0.026742935180664062
diabetes,2,XGB_early_stop,0.7662337662337663,0.9218241042345277,0.15559033800076139,0.7598727802809436,0.8116666666666666,0.028467893600463867
diabetes,2,LGBM_default,0.7337662337662337,1.0,0.26623376623376627,0.7331844237967826,0.788888888888889,0.03262829780578613
diabetes,2,LGBM_early_stop,0.7597402597402597,0.8859934853420195,0.12625322560175978,0.7539924190641895,0.8087037037037037,0.02115464210510254
diabetes,2,AdaPrune_gap,0.7727272727272727,0.8680781758957655,0.09535090316849282,0.7672901261418008,0.7972222222222222,0.37989163398742676
diabetes,2,AdaPrune_trend,0.7662337662337663,0.8664495114006515,0.10021574516688525,0.7613786213786214,0.7999999999999999,0.28726720809936523
diabetes,2,AdaPrune_data,0.7597402597402597,0.8387622149837134,0.07902195524345368,0.7554767899150163,0.7948148148148149,0.2772688865661621
diabetes,2,AdaPrune_hybrid,0.7532467532467533,0.8583061889250815,0.1050594356783282,0.7495827986975903,0.7951851851851852,0.3207669258117676
diabetes,3,RF_default,0.738562091503268,1.0,0.261437908496732,0.7329188085490607,0.8011320754716982,0.08767247200012207
diabetes,3,XGB_default,0.7450980392156863,1.0,0.2549019607843137,0.7466649864901019,0.7945283018867925,0.03474068641662598
diabetes,3,XGB_tuned,0.7647058823529411,0.9707317073170731,0.20602582496413202,0.7636082612786166,0.7913207547169812,0.028268098831176758
diabetes,3,XGB_early_stop,0.7516339869281046,0.9219512195121952,0.1703172325840906,0.7428100639426117,0.8052830188679245,0.02899909019470215
diabetes,3,LGBM_default,0.7516339869281046,1.0,0.24836601307189543,0.7526792984309324,0.7832075471698114,0.034162044525146484
diabetes,3,LGBM_early_stop,0.7777777777777778,0.8731707317073171,0.09539295392953928,0.7767411356520268,0.814056603773585,0.020581483840942383
diabetes,3,AdaPrune_gap,0.7516339869281046,0.9105691056910569,0.1589351187629523,0.7504753869052064,0.8015094339622642,0.3533637523651123
diabetes,3,AdaPrune_trend,0.7450980392156863,0.8845528455284553,0.13945480631276896,0.7403962902684131,0.8026415094339623,0.28957176208496094
diabetes,3,AdaPrune_data,0.7450980392156863,0.8878048780487805,0.1427068388330942,0.7403962902684131,0.8041509433962264,0.3720874786376953
diabetes,3,AdaPrune_hybrid,0.7516339869281046,0.9105691056910569,0.1589351187629523,0.7504753869052064,0.8015094339622642,0.3589050769805908
diabetes,4,RF_default,0.7712418300653595,1.0,0.2287581699346405,0.7696007317110529,0.7972641509433962,0.10096478462219238
diabetes,4,XGB_default,0.7124183006535948,1.0,0.2875816993464052,0.7042872704637411,0.7420754716981132,0.036713361740112305
diabetes,4,XGB_tuned,0.7058823529411765,0.975609756097561,0.26972740315638444,0.6985703964415145,0.7503773584905661,0.03349566459655762
diabetes,4,XGB_early_stop,0.7516339869281046,0.9252032520325203,0.17356926510441573,0.7477999873088393,0.7931132075471699,0.0295259952545166
diabetes,4,LGBM_default,0.6928104575163399,1.0,0.30718954248366015,0.6889529699024423,0.7609433962264152,0.034120798110961914
diabetes,4,LGBM_early_stop,0.7320261437908496,0.9040650406504065,0.17203889685955687,0.7301037142900905,0.7869811320754716,0.024235248565673828
diabetes,4,AdaPrune_gap,0.7320261437908496,0.9040650406504065,0.17203889685955687,0.7346260287436759,0.7888679245283019,0.38226890563964844
diabetes,4,AdaPrune_trend,0.738562091503268,0.8894308943089431,0.15086880280567505,0.7406477742612196,0.7881132075471698,0.3023874759674072
diabetes,4,AdaPrune_data,0.7516339869281046,0.8943089430894309,0.1426749561613263,0.7526792984309324,0.7883018867924529,0.31884336471557617
diabetes,4,AdaPrune_hybrid,0.7320261437908496,0.9040650406504065,0.17203889685955687,0.7346260287436759,0.7888679245283019,0.31782078742980957
dry-bean,0,RF_default,0.9855072463768116,1.0,0.01449275362318836,0.9853324131585002,0.9964857796665577,0.0903787612915039
dry-bean,0,XGB_default,0.9855072463768116,1.0,0.01449275362318836,0.9853324131585002,0.998597036068432,0.030153989791870117
dry-bean,0,XGB_tuned,0.9855072463768116,1.0,0.01449275362318836,0.9853324131585002,0.9988558352402745,0.03014230728149414
dry-bean,0,XGB_early_stop,0.9855072463768116,1.0,0.01449275362318836,0.9853324131585002,0.996417674621336,0.03879594802856445
dry-bean,0,LGBM_default,0.9855072463768116,1.0,0.01449275362318836,0.9853324131585002,1.0,0.0490415096282959
dry-bean,0,LGBM_early_stop,0.9855072463768116,1.0,0.01449275362318836,0.9853324131585002,1.0,0.04611659049987793
dry-bean,0,AdaPrune_gap,0.9855072463768116,1.0,0.01449275362318836,0.9853324131585002,0.9819249209981475,0.29581212997436523
dry-bean,0,AdaPrune_trend,0.9855072463768116,1.0,0.01449275362318836,0.9853324131585002,0.9819249209981475,0.24088501930236816
dry-bean,0,AdaPrune_data,0.9855072463768116,1.0,0.01449275362318836,0.9853324131585002,0.9819249209981475,0.26038026809692383
dry-bean,0,AdaPrune_hybrid,0.9855072463768116,1.0,0.01449275362318836,0.9853324131585002,0.9819249209981475,0.2491168975830078
dry-bean,1,RF_default,1.0,1.0,0.0,1.0,1.0,0.10871648788452148
dry-bean,1,XGB_default,0.9855072463768116,1.0,0.01449275362318836,0.9853324131585002,0.9993598125749156,0.03387451171875
dry-bean,1,XGB_tuned,0.9710144927536232,0.9963636363636363,0.02534914361001317,0.9702596618357486,0.9989784243216738,0.03487753868103027
dry-bean,1,XGB_early_stop,0.9855072463768116,1.0,0.01449275362318836,0.9853324131585002,0.9993598125749156,0.09781479835510254
dry-bean,1,LGBM_default,0.9855072463768116,1.0,0.01449275362318836,0.9856568376406818,1.0,0.05315542221069336
dry-bean,1,LGBM_early_stop,1.0,1.0,0.0,1.0,1.0,0.09090852737426758
dry-bean,1,AdaPrune_gap,0.9855072463768116,0.9963636363636363,0.0108563899868247,0.9856568376406818,1.0,0.3186779022216797
dry-bean,1,AdaPrune_trend,0.9855072463768116,0.9963636363636363,0.0108563899868247,0.9856568376406818,1.0,0.29956603050231934
dry-bean,1,AdaPrune_data,0.9855072463768116,0.9963636363636363,0.0108563899868247,0.9856568376406818,1.0,0.31021928787231445
dry-bean,1,AdaPrune_hybrid,0.9855072463768116,0.9963636363636363,0.0108563899868247,0.9856568376406818,1.0,0.27132153511047363
dry-bean,2,RF_default,1.0,1.0,0.0,1.0,1.0,0.08708572387695312
dry-bean,2,XGB_default,0.9855072463768116,1.0,0.01449275362318836,0.9856343014933212,0.9996283909327388,0.0363163948059082
dry-bean,2,XGB_tuned,0.9855072463768116,0.9963636363636363,0.0108563899868247,0.9856343014933212,0.9996283909327388,0.03394508361816406
dry-bean,2,XGB_early_stop,0.9855072463768116,1.0,0.01449275362318836,0.9856343014933212,0.9996283909327388,0.05509495735168457
dry-bean,2,LGBM_default,0.9565217391304348,1.0,0.04347826086956519,0.9562953651123923,0.9989932772541468,0.05090188980102539
dry-bean,2,LGBM_early_stop,0.9855072463768116,1.0,0.01449275362318836,0.9853576551129415,0.9989932772541468,0.0522310733795166
dry-bean,2,AdaPrune_gap,0.9855072463768116,0.9854545454545455,-5.270092226616896e-05,0.9856343014933212,0.9997364953886694,0.3118729591369629
dry-bean,2,AdaPrune_trend,0.9855072463768116,0.9854545454545455,-5.270092226616896e-05,0.9856343014933212,0.9997364953886694,0.26996636390686035
dry-bean,2,AdaPrune_data,0.9855072463768116,0.9854545454545455,-5.270092226616896e-05,0.9856343014933212,0.9997364953886694,0.2606062889099121
dry-bean,2,AdaPrune_hybrid,0.9855072463768116,0.9854545454545455,-5.270092226616896e-05,0.9856343014933212,0.9997364953886694,0.249891996383667
dry-bean,3,RF_default,0.9565217391304348,1.0,0.04347826086956519,0.9569715776263835,0.9988851727982162,0.09805560111999512
dry-bean,3,XGB_default,0.9565217391304348,1.0,0.04347826086956519,0.9569715776263835,0.995380223641093,0.03593587875366211
dry-bean,3,XGB_tuned,0.9420289855072463,1.0,0.05797101449275366,0.9419956688322505,0.9947451099625014,0.03045487403869629
dry-bean,3,XGB_early_stop,0.9565217391304348,1.0,0.04347826086956519,0.9569715776263835,0.9960153373196852,0.09165239334106445
dry-bean,3,LGBM_default,0.9710144927536232,1.0,0.02898550724637683,0.9707792961442776,0.9981841829667918,0.04815864562988281
dry-bean,3,LGBM_early_stop,0.9855072463768116,1.0,0.01449275362318836,0.9854781541982439,0.9981841829667918,0.058315277099609375
dry-bean,3,AdaPrune_gap,0.9420289855072463,0.9890909090909091,0.04706192358366279,0.9423913043478261,0.9978548022026282,0.31046390533447266
dry-bean,3,AdaPrune_trend,0.9420289855072463,0.9890909090909091,0.04706192358366279,0.9423913043478261,0.9978548022026282,0.21979236602783203
dry-bean,3,AdaPrune_data,0.9420289855072463,0.9890909090909091,0.04706192358366279,0.9423913043478261,0.9978548022026282,0.23364472389221191
dry-bean,3,AdaPrune_hybrid,0.9420289855072463,0.9890909090909091,0.04706192358366279,0.9423913043478261,0.9978548022026282,0.22436046600341797
dry-bean,4,RF_default,1.0,1.0,0.0,1.0,1.0,0.09386944770812988
dry-bean,4,XGB_default,1.0,1.0,0.0,1.0,1.0,0.030075550079345703
dry-bean,4,XGB_tuned,1.0,1.0,0.0,1.0,1.0,0.029708385467529297
dry-bean,4,XGB_early_stop,1.0,1.0,0.0,1.0,1.0,0.09545016288757324
dry-bean,4,LGBM_default,1.0,1.0,0.0,1.0,1.0,0.04974818229675293
dry-bean,4,LGBM_early_stop,1.0,1.0,0.0,1.0,1.0,0.09567022323608398
dry-bean,4,AdaPrune_gap,1.0,0.9963768115942029,-0.0036231884057971175,1.0,1.0,0.30007314682006836
dry-bean,4,AdaPrune_trend,1.0,0.9963768115942029,-0.0036231884057971175,1.0,1.0,0.2710916996002197
dry-bean,4,AdaPrune_data,1.0,0.9963768115942029,-0.0036231884057971175,1.0,1.0,0.29576635360717773
dry-bean,4,AdaPrune_hybrid,1.0,0.9963768115942029,-0.0036231884057971175,1.0,1.0,0.22385811805725098
eeg-eye-state,0,RF_default,0.9365821094793058,1.0,0.06341789052069424,0.9363985741428538,0.9841793046667819,0.18122315406799316
eeg-eye-state,0,XGB_default,0.9339118825100133,0.9942423230974633,0.06033044058744996,0.9338194841340282,0.9827567414677736,0.07001233100891113
eeg-eye-state,0,XGB_tuned,0.8981975967957276,0.9438417890520694,0.045644192256341753,0.8979774009399463,0.9636808378012222,0.059831857681274414
eeg-eye-state,0,XGB_early_stop,0.9355807743658211,0.9905707610146862,0.05498998664886512,0.9355150381705677,0.9837723754756139,0.23329639434814453
eeg-eye-state,0,LGBM_default,0.9102136181575434,0.9563584779706275,0.04614485981308403,0.9100764080142438,0.9704015875417964,0.06268835067749023
eeg-eye-state,0,LGBM_early_stop,0.9435914552736983,0.9984145527369827,0.0548230974632844,0.9435245563863114,0.9865431871901302,0.1884593963623047
eeg-eye-state,0,AdaPrune_gap,0.8881842456608812,0.9309078771695594,0.042723631508678195,0.8878995282289303,0.9613680747722818,9.087782382965088
eeg-eye-state,0,AdaPrune_trend,0.8881842456608812,0.9309078771695594,0.042723631508678195,0.8878995282289303,0.9613680747722818,8.654197692871094
eeg-eye-state,0,AdaPrune_data,0.8881842456608812,0.9309078771695594,0.042723631508678195,0.8878995282289303,0.9613680747722818,9.823991775512695
eeg-eye-state,0,AdaPrune_hybrid,0.8881842456608812,0.9309078771695594,0.042723631508678195,0.8878995282289303,0.9613680747722818,8.72157907485962
eeg-eye-state,1,RF_default,0.9259012016021362,1.0,0.07409879839786382,0.9256716464307877,0.9833586904041277,0.1882333755493164
eeg-eye-state,1,XGB_default,0.9355807743658211,0.9924065420560748,0.056825767690253715,0.9355043750447225,0.9825959515161997,0.06994009017944336
eeg-eye-state,1,XGB_tuned,0.8948598130841121,0.9337449933244326,0.038885180240320505,0.8944268296261708,0.9623837087801221,0.06903266906738281
eeg-eye-state,1,XGB_early_stop,0.9345794392523364,0.9919058744993324,0.05732643524699599,0.9344649768907147,0.983852094863369,0.23656153678894043
eeg-eye-state,1,LGBM_default,0.914218958611482,0.9546061415220294,0.04038718291054744,0.9139836086122725,0.9716356616799263,0.06553339958190918
eeg-eye-state,1,LGBM_early_stop,0.9412550066755674,0.9971628838451269,0.05590787716955947,0.9412115528658965,0.9860648708635997,0.29034996032714844
eeg-eye-state,1,AdaPrune_gap,0.8958611481975968,0.9322429906542056,0.036381842456608804,0.8954948822392497,0.9588967737518738,9.986259698867798
eeg-eye-state,1,AdaPrune_trend,0.8958611481975968,0.9322429906542056,0.036381842456608804,0.8954948822392497,0.9588967737518738,8.952515840530396
eeg-eye-state,1,AdaPrune_data,0.8958611481975968,0.9322429906542056,0.036381842456608804,0.8954948822392497,0.9588967737518738,8.894847631454468
eeg-eye-state,1,AdaPrune_hybrid,0.8958611481975968,0.9322429906542056,0.036381842456608804,0.8954948822392497,0.9588967737518738,8.982250690460205
eeg-eye-state,2,RF_default,0.9289052069425902,1.0,0.07109479305740984,0.9286970013554959,0.9810607067024828,0.18593835830688477
eeg-eye-state,2,XGB_default,0.9332443257676902,0.9939085447263017,0.060664218958611515,0.9331572310314922,0.9831315480760787,0.07325530052185059
eeg-eye-state,2,XGB_tuned,0.8985313751668892,0.9401702269692924,0.04163885180240323,0.8982988168317563,0.9655430188755716,0.06911802291870117
eeg-eye-state,2,XGB_early_stop,0.937917222963952,0.9935747663551402,0.055657543391188224,0.9378517256712977,0.985556573801166,0.24187207221984863
eeg-eye-state,2,LGBM_default,0.9092122830440588,0.9532710280373832,0.044058744993324406,0.9090127770274273,0.9714126168887167,0.07501053810119629
eeg-eye-state,2,LGBM_early_stop,0.9459279038718291,0.997413217623498,0.05148531375166887,0.9458796073342248,0.9867193252258967,0.1883678436279297
eeg-eye-state,2,AdaPrune_gap,0.8875166889185581,0.9309078771695594,0.0433911882510013,0.8871051451014758,0.9604277232003136,8.115209341049194
eeg-eye-state,2,AdaPrune_trend,0.8875166889185581,0.9309078771695594,0.0433911882510013,0.8871051451014758,0.9604277232003136,7.87131929397583
eeg-eye-state,2,AdaPrune_data,0.8875166889185581,0.9309078771695594,0.0433911882510013,0.8871051451014758,0.9604277232003136,7.7610907554626465
eeg-eye-state,2,AdaPrune_hybrid,0.8875166889185581,0.9309078771695594,0.0433911882510013,0.8871051451014758,0.9604277232003136,7.7438132762908936
eeg-eye-state,3,RF_default,0.9202269692923899,1.0,0.0797730307076101,0.9200093131468298,0.9790173354438787,0.18142056465148926
eeg-eye-state,3,XGB_default,0.9269025367156208,0.9940754339118825,0.06717289719626163,0.9267978131354685,0.9815162152486158,0.06757783889770508
eeg-eye-state,3,XGB_tuned,0.8798397863818425,0.9382510013351135,0.05841121495327106,0.8794818072426325,0.9532242484559318,0.06880497932434082
eeg-eye-state,3,XGB_early_stop,0.9235647530040053,0.9930740987983978,0.0695093457943925,0.9234552475252161,0.9787719057279693,0.22079086303710938
eeg-eye-state,3,LGBM_default,0.8895193591455274,0.9533544726301736,0.06383511348464621,0.8892288177895952,0.960577683008383,0.07009768486022949
eeg-eye-state,3,LGBM_early_stop,0.9332443257676902,0.9980807743658211,0.06483644859813087,0.9331341382317124,0.9815427847040994,0.1899852752685547
eeg-eye-state,3,AdaPrune_gap,0.8785046728971962,0.9311582109479306,0.05265353805073436,0.8780924847218445,0.9523019731198171,7.812348127365112
eeg-eye-state,3,AdaPrune_trend,0.8785046728971962,0.9311582109479306,0.05265353805073436,0.8780924847218445,0.9523019731198171,8.015297651290894
eeg-eye-state,3,AdaPrune_data,0.8785046728971962,0.9311582109479306,0.05265353805073436,0.8780924847218445,0.9523019731198171,8.114112377166748
eeg-eye-state,3,AdaPrune_hybrid,0.8785046728971962,0.9311582109479306,0.05265353805073436,0.8780924847218445,0.9523019731198171,7.954282760620117
eeg-eye-state,4,RF_default,0.9332443257676902,1.0,0.06675567423230977,0.9330849609678828,0.9840232009889243,0.1845993995666504
eeg-eye-state,4,XGB_default,0.9385847797062751,0.9925734312416555,0.05398865153538046,0.9384994269854359,0.9830522900393814,0.07371258735656738
eeg-eye-state,4,XGB_tuned,0.8931909212283045,0.937082777036048,0.043891855807743574,0.8929858640162771,0.9618885929221672,0.06590652465820312
eeg-eye-state,4,XGB_early_stop,0.9322429906542056,0.9917389853137517,0.059495994659546136,0.9321797535146346,0.9843812131433242,0.24266672134399414
eeg-eye-state,4,LGBM_default,0.9042056074766355,0.9532710280373832,0.0490654205607477,0.9041006137416339,0.9712779682922821,0.06712079048156738
eeg-eye-state,4,LGBM_early_stop,0.9389185580774366,0.9983311081441922,0.05941255006675561,0.9388807526186105,0.9861888367757291,0.21793866157531738
eeg-eye-state,4,AdaPrune_gap,0.8778371161548731,0.9283210947930574,0.05048397863818421,0.8773967165578413,0.9583237825898014,8.235800743103027
eeg-eye-state,4,AdaPrune_trend,0.8778371161548731,0.9283210947930574,0.05048397863818421,0.8773967165578413,0.9583237825898014,8.038362264633179
eeg-eye-state,4,AdaPrune_data,0.8778371161548731,0.9283210947930574,0.05048397863818421,0.8773967165578413,0.9583237825898014,7.974475860595703
eeg-eye-state,4,AdaPrune_hybrid,0.8778371161548731,0.9283210947930574,0.05048397863818421,0.8773967165578413,0.9583237825898014,7.729541063308716
electricity,0,RF_default,0.9129427341939755,0.9999724130320836,0.08702967883810808,0.9127289014754811,0.9715391741398454,0.2756540775299072
electricity,0,XGB_default,0.9099635882158226,0.9398604099423432,0.02989682172652064,0.9099450190392496,0.9708592378055465,0.0802302360534668
electricity,0,XGB_tuned,0.8742138364779874,0.8857623658583685,0.01154852938038109,0.8739177163263269,0.9503756106944026,0.07781124114990234
electricity,0,XGB_early_stop,0.9111773143550701,0.9411294104664957,0.029952096111425575,0.9111697220657169,0.9717167015824734,0.25488781929016113
electricity,0,LGBM_default,0.8843650005516936,0.8949488261745152,0.010583825622821563,0.8842370910569548,0.9558973993537752,0.09459710121154785
electricity,0,LGBM_early_stop,0.9162528963919232,0.9446329553918729,0.028380058999949664,0.9162796009202873,0.9746003701540613,0.2973954677581787
electricity,0,AdaPrune_gap,0.8892199051086837,0.9050456564319016,0.01582575132321795,0.8890340543037487,0.9578971432159352,18.135950326919556
electricity,0,AdaPrune_trend,0.8892199051086837,0.9050456564319016,0.01582575132321795,0.8890340543037487,0.9578971432159352,18.055755853652954
electricity,0,AdaPrune_data,0.8892199051086837,0.9050456564319016,0.01582575132321795,0.8890340543037487,0.9578971432159352,18.91436791419983
electricity,0,AdaPrune_hybrid,0.8892199051086837,0.9050456564319016,0.01582575132321795,0.8890340543037487,0.9578971432159352,19.34898591041565
electricity,1,RF_default,0.908529184596712,1.0,0.09147081540328805,0.9083632173217289,0.9709717341428752,0.32800865173339844
electricity,1,XGB_default,0.9153701864724705,0.9431432591243897,0.027773072651919195,0.9153424038047122,0.9715055622773745,0.09256458282470703
electricity,1,XGB_tuned,0.8733311265585347,0.8865623879279428,0.01323126136940811,0.8729807029979368,0.9495163778720825,0.08008146286010742
electricity,1,XGB_early_stop,0.9046673286991063,0.9405776711081685,0.03591034240906221,0.9046208939332774,0.9689586850660676,0.28476405143737793
electricity,1,LGBM_default,0.884033984331899,0.8948384783028497,0.010804493970950735,0.8838861152200713,0.9559652958142892,0.11693572998046875
electricity,1,LGBM_early_stop,0.91603221891206,0.9476123479268393,0.03158012901477936,0.9159778078485115,0.9738478531263767,0.30431699752807617
electricity,1,AdaPrune_gap,0.8936334547059472,0.9104527021435074,0.016819247437560136,0.893450865786387,0.9570596372609796,19.10109543800354
electricity,1,AdaPrune_trend,0.8936334547059472,0.9104527021435074,0.016819247437560136,0.893450865786387,0.9570596372609796,19.611703634262085
electricity,1,AdaPrune_data,0.8936334547059472,0.9104527021435074,0.016819247437560136,0.893450865786387,0.9570596372609796,18.245600938796997
electricity,1,AdaPrune_hybrid,0.8936334547059472,0.9104527021435074,0.016819247437560136,0.893450865786387,0.9570596372609796,18.57165026664734
electricity,2,RF_default,0.9057603178106378,1.0,0.09423968218936218,0.905561107292551,0.9679675687072717,0.28891634941101074
electricity,2,XGB_default,0.9042154049878613,0.9417931034482758,0.03757769846041448,0.9041989515358052,0.9673911336821336,0.0760493278503418
electricity,2,XGB_tuned,0.8669167954094019,0.8908413793103448,0.023924583900942875,0.866823265447697,0.9458546847402104,0.0698692798614502
electricity,2,XGB_early_stop,0.904325755903774,0.9395034482758621,0.03517769237208812,0.9043142779832495,0.9662143379271517,0.27838134765625
electricity,2,LGBM_default,0.879938203487089,0.8983448275862069,0.018406624099117974,0.8799134174452607,0.9507597781987482,0.09096336364746094
electricity,2,LGBM_early_stop,0.9134848819245199,0.9487448275862069,0.035259945661687,0.9134670213943792,0.971226648449901,0.2687656879425049
electricity,2,AdaPrune_gap,0.882696976384904,0.9108689655172414,0.028171989132337427,0.8825649051424465,0.9515739998370061,18.53662133216858
electricity,2,AdaPrune_trend,0.882696976384904,0.9108689655172414,0.028171989132337427,0.8825649051424465,0.9515739998370061,18.51229429244995
electricity,2,AdaPrune_data,0.882696976384904,0.9108689655172414,0.028171989132337427,0.8825649051424465,0.9515739998370061,18.65508198738098
electricity,2,AdaPrune_hybrid,0.882696976384904,0.9108689655172414,0.028171989132337427,0.8825649051424465,0.9515739998370061,18.922647953033447
electricity,3,RF_default,0.9074155815493269,1.0,0.09258441845067311,0.9071495079393175,0.9702664550903308,0.29433131217956543
electricity,3,XGB_default,0.904877510483337,0.9405241379310345,0.03564662744769753,0.9047968102090321,0.9687308485325941,0.0842430591583252
electricity,3,XGB_tuned,0.8717722357095564,0.8889103448275862,0.01713810911802982,0.8714064238733503,0.9487325980997506,0.07949185371398926
electricity,3,XGB_early_stop,0.9074155815493269,0.9425103448275862,0.03509476327825933,0.9073043966868672,0.9697623953219267,0.30519676208496094
electricity,3,LGBM_default,0.8821452218053409,0.8973517241379311,0.015206502332590133,0.8820365823213521,0.9540525782314468,0.0937960147857666
electricity,3,LGBM_early_stop,0.911277863606268,0.9470344827586207,0.03575661915235273,0.911218716259275,0.9721741312788463,0.26475024223327637
electricity,3,AdaPrune_gap,0.8872213639373207,0.9116689655172414,0.024447601579920764,0.8869510176520257,0.9565233558492491,19.24259877204895
electricity,3,AdaPrune_trend,0.8872213639373207,0.9116689655172414,0.024447601579920764,0.8869510176520257,0.9565233558492491,19.718022346496582
electricity,3,AdaPrune_data,0.8872213639373207,0.9116689655172414,0.024447601579920764,0.8869510176520257,0.9565233558492491,18.55838370323181
electricity,3,AdaPrune_hybrid,0.8872213639373207,0.9116689655172414,0.024447601579920764,0.8869510176520257,0.9565233558492491,18.983535289764404
electricity,4,RF_default,0.905981019642463,0.9999724137931034,0.0939913941506404,0.9058009992947117,0.9700737036317973,0.3093397617340088
electricity,4,XGB_default,0.9012359302582211,0.9397793103448275,0.038543380086606405,0.9011503314776849,0.9678414353827774,0.07892894744873047
electricity,4,XGB_tuned,0.8700066210549547,0.8887448275862069,0.018738206531252133,0.8697370370141358,0.9475291849982841,0.07123875617980957
electricity,4,XGB_early_stop,0.903774001324211,0.9382620689655172,0.034488067641306186,0.9036958823918523,0.968199348971606,0.2897980213165283
electricity,4,LGBM_default,0.8807106598984772,0.8985931034482758,0.01788244354979862,0.8805402613233756,0.9542941780037538,0.10760688781738281
electricity,4,LGBM_early_stop,0.9146987419995586,0.9472827586206897,0.032584016621131084,0.9145736271164376,0.9734007473293554,0.3003354072570801
electricity,4,AdaPrune_gap,0.8894283822555727,0.9127724137931035,0.02334403153753073,0.8891723343647899,0.9567625381284766,18.517827033996582
electricity,4,AdaPrune_trend,0.8894283822555727,0.9127724137931035,0.02334403153753073,0.8891723343647899,0.9567625381284766,18.333404302597046
electricity,4,AdaPrune_data,0.8894283822555727,0.9127724137931035,0.02334403153753073,0.8891723343647899,0.9567625381284766,18.620916843414307
electricity,4,AdaPrune_hybrid,0.8894283822555727,0.9127724137931035,0.02334403153753073,0.8891723343647899,0.9567625381284766,18.332019329071045
ionosphere,0,RF_default,0.9436619718309859,1.0,0.05633802816901412,0.9431475811390081,0.9914529914529914,0.08254265785217285
ionosphere,0,XGB_default,0.9436619718309859,1.0,0.05633802816901412,0.9425132354410148,0.9965811965811966,0.03310847282409668
ionosphere,0,XGB_tuned,0.9577464788732394,1.0,0.04225352112676062,0.9571345121419763,0.9888888888888889,0.02600550651550293
ionosphere,0,XGB_early_stop,0.9577464788732394,1.0,0.04225352112676062,0.9571345121419763,0.9931623931623932,0.06240057945251465
ionosphere,0,LGBM_default,0.9577464788732394,1.0,0.04225352112676062,0.9575643908701075,0.9905982905982906,0.026737689971923828
ionosphere,0,LGBM_early_stop,0.9577464788732394,1.0,0.04225352112676062,0.9575643908701075,0.9914529914529915,0.0318150520324707
ionosphere,0,AdaPrune_gap,0.9154929577464789,0.9892857142857143,0.07379275653923545,0.914721371708512,0.9794871794871796,0.4670681953430176
ionosphere,0,AdaPrune_trend,0.9014084507042254,0.9892857142857143,0.08787726358148895,0.899980528331278,0.9794871794871796,0.4276275634765625
ionosphere,0,AdaPrune_data,0.9154929577464789,0.9892857142857143,0.07379275653923545,0.914721371708512,0.9794871794871796,0.48912811279296875
ionosphere,0,AdaPrune_hybrid,0.9154929577464789,0.9892857142857143,0.07379275653923545,0.914721371708512,0.9794871794871796,0.49048328399658203
ionosphere,1,RF_default,0.9285714285714286,1.0,0.0714285714285714,0.9282350302758465,0.9675555555555556,0.08729076385498047
ionosphere,1,XGB_default,0.9285714285714286,1.0,0.0714285714285714,0.9282350302758465,0.9644444444444444,0.03882765769958496
ionosphere,1,XGB_tuned,0.9285714285714286,1.0,0.0714285714285714,0.9282350302758465,0.9573333333333334,0.03397083282470703
ionosphere,1,XGB_early_stop,0.9571428571428572,1.0,0.042857142857142816,0.9564663202274731,0.9626666666666667,0.0515286922454834
ionosphere,1,LGBM_default,0.9428571428571428,1.0,0.05714285714285716,0.942287784679089,0.959111111111111,0.028165578842163086
ionosphere,1,LGBM_early_stop,0.9571428571428572,1.0,0.042857142857142816,0.9564663202274731,0.9608888888888889,0.024559974670410156
ionosphere,1,AdaPrune_gap,0.9285714285714286,0.9893238434163701,0.06075241484494154,0.9282350302758465,0.9648888888888889,0.4118008613586426
ionosphere,1,AdaPrune_trend,0.9428571428571428,0.9928825622775801,0.050025419420437256,0.942287784679089,0.9626666666666667,0.49745941162109375
ionosphere,1,AdaPrune_data,0.9285714285714286,0.9893238434163701,0.06075241484494154,0.9282350302758465,0.9648888888888889,0.4189121723175049
ionosphere,1,AdaPrune_hybrid,0.9285714285714286,0.9893238434163701,0.06075241484494154,0.9282350302758465,0.9648888888888889,0.3974568843841553
ionosphere,2,RF_default,0.9285714285714286,1.0,0.0714285714285714,0.9274438670457889,0.987111111111111,0.08404111862182617
ionosphere,2,XGB_default,0.8857142857142857,1.0,0.11428571428571432,0.8814935064935064,0.9546666666666667,0.03717303276062012
ionosphere,2,XGB_tuned,0.8857142857142857,1.0,0.11428571428571432,0.8814935064935064,0.9484444444444444,0.030433177947998047
ionosphere,2,XGB_early_stop,0.9285714285714286,0.99644128113879,0.06786985256736144,0.9274438670457889,0.9653333333333334,0.04169893264770508
ionosphere,2,LGBM_default,0.9285714285714286,1.0,0.0714285714285714,0.9274438670457889,0.9608888888888889,0.02663564682006836
ionosphere,2,LGBM_early_stop,0.9428571428571428,1.0,0.05714285714285716,0.941588476278578,0.9626666666666667,0.02373957633972168
ionosphere,2,AdaPrune_gap,0.9142857142857143,0.9715302491103203,0.05724453482460601,0.912382714417867,0.9786666666666666,0.3825254440307617
ionosphere,2,AdaPrune_trend,0.9,0.9822064056939501,0.0822064056939501,0.8970760233918128,0.976,0.495943546295166
ionosphere,2,AdaPrune_data,0.9142857142857143,0.9679715302491103,0.053685815963396055,0.912382714417867,0.9782222222222222,0.3997228145599365
ionosphere,2,AdaPrune_hybrid,0.9142857142857143,0.9679715302491103,0.053685815963396055,0.912382714417867,0.9782222222222222,0.3839097023010254
ionosphere,3,RF_default,0.9714285714285714,1.0,0.02857142857142858,0.9711438923395447,0.984,0.08391427993774414
ionosphere,3,XGB_default,0.9714285714285714,1.0,0.02857142857142858,0.9714285714285714,0.9777777777777777,0.04045748710632324
ionosphere,3,XGB_tuned,0.9714285714285714,0.99644128113879,0.025012709710218628,0.9714285714285714,0.9795555555555555,0.03210115432739258
ionosphere,3,XGB_early_stop,0.9714285714285714,1.0,0.02857142857142858,0.9714285714285714,0.984,0.10628008842468262
ionosphere,3,LGBM_default,0.9571428571428572,1.0,0.042857142857142816,0.9564663202274731,0.9795555555555555,0.025887489318847656
ionosphere,3,LGBM_early_stop,0.9714285714285714,1.0,0.02857142857142858,0.9711438923395447,0.9768888888888888,0.02582716941833496
ionosphere,3,AdaPrune_gap,0.9142857142857143,0.9786476868327402,0.06436197254702591,0.9134316770186336,0.9164444444444445,0.44579267501831055
ionosphere,3,AdaPrune_trend,0.9142857142857143,0.9786476868327402,0.06436197254702591,0.9134316770186336,0.9164444444444445,0.5235917568206787
ionosphere,3,AdaPrune_data,0.9285714285714286,0.9822064056939501,0.05363497712252152,0.9282350302758465,0.9622222222222223,0.4299635887145996
ionosphere,3,AdaPrune_hybrid,0.9285714285714286,0.9822064056939501,0.05363497712252152,0.9282350302758465,0.9622222222222223,0.3776223659515381
ionosphere,4,RF_default,0.9,1.0,0.09999999999999998,0.9004185944040538,0.9622222222222222,0.08865141868591309
ionosphere,4,XGB_default,0.8714285714285714,1.0,0.12857142857142856,0.8719667642337833,0.9333333333333333,0.03412914276123047
ionosphere,4,XGB_tuned,0.8857142857142857,1.0,0.11428571428571432,0.884575569358178,0.9377777777777778,0.030855655670166016
ionosphere,4,XGB_early_stop,0.8857142857142857,1.0,0.11428571428571432,0.8857142857142857,0.9048888888888889,0.0421605110168457
ionosphere,4,LGBM_default,0.9285714285714286,1.0,0.0714285714285714,0.9282350302758465,0.9502222222222222,0.023802757263183594
ionosphere,4,LGBM_early_stop,0.9142857142857143,0.9928825622775801,0.07859684799186584,0.9134316770186336,0.9404444444444444,0.02166271209716797
ionosphere,4,AdaPrune_gap,0.9142857142857143,0.9750889679715302,0.06080325368581596,0.9134316770186336,0.9275555555555556,0.41274452209472656
ionosphere,4,AdaPrune_trend,0.9,0.9750889679715302,0.0750889679715302,0.8995290423861851,0.9124444444444445,0.4366488456726074
ionosphere,4,AdaPrune_data,0.9142857142857143,0.9750889679715302,0.06080325368581596,0.9134316770186336,0.9275555555555556,0.40538883209228516
ionosphere,4,AdaPrune_hybrid,0.9142857142857143,0.9750889679715302,0.06080325368581596,0.9134316770186336,0.9275555555555556,0.4186105728149414
kc1,0,RF_default,0.8649289099526066,0.988737403675163,0.12380849372255642,0.8432032599548211,0.8284205990088344,0.08744096755981445
kc1,0,XGB_default,0.8625592417061612,0.9851807943094251,0.1226215526032639,0.8462880457557251,0.7596423184658478,0.05478024482727051
kc1,0,XGB_tuned,0.8601895734597157,0.9359810314167161,0.07579145795700037,0.8394955696141678,0.8062486533074769,0.043128252029418945
kc1,0,XGB_early_stop,0.8578199052132701,0.9069353882631891,0.04911548304991897,0.8340062518906928,0.8050204697263521,0.0447998046875
kc1,0,LGBM_default,0.8578199052132701,0.980438648488441,0.12261874327517086,0.8358735458853942,0.7675285498814911,0.06967592239379883
kc1,0,LGBM_early_stop,0.8601895734597157,0.920569057498518,0.060379484038802334,0.8273255090020947,0.7916181857358329,0.04286336898803711
kc1,0,AdaPrune_gap,0.8601895734597157,0.9306461173681091,0.0704565439083934,0.8377016199532362,0.8184227537168715,1.0549514293670654
kc1,0,AdaPrune_trend,0.8578199052132701,0.9300533491404861,0.07223344392721598,0.8320489409928493,0.8153630683042448,1.0979692935943604
kc1,0,AdaPrune_data,0.8601895734597157,0.9324244220509781,0.07223484859126239,0.8358218870448296,0.8111398405516053,1.0506575107574463
kc1,0,AdaPrune_hybrid,0.8601895734597157,0.9306461173681091,0.0704565439083934,0.8377016199532362,0.8184227537168715,1.088460922241211
kc1,1,RF_default,0.8507109004739336,0.990515708358032,0.13980480788409844,0.8246911675224452,0.8273432449903038,0.09669137001037598
kc1,1,XGB_default,0.8530805687203792,0.9875518672199171,0.13447129849953787,0.830402664081574,0.7879336349924585,0.05005478858947754
kc1,1,XGB_tuned,0.8412322274881516,0.941908713692946,0.10067648620479441,0.80650577001031,0.809222150398621,0.04072761535644531
kc1,1,XGB_early_stop,0.8459715639810427,0.94665085951393,0.10067929553288735,0.8097653912734943,0.794203835380306,0.0631263256072998
kc1,1,LGBM_default,0.8507109004739336,0.9851807943094251,0.13446989383549146,0.832191755084115,0.7680241327300151,0.06319665908813477
kc1,1,LGBM_early_stop,0.8436018957345972,0.9330171902786011,0.08941529454400388,0.8027527653714422,0.7953673777203188,0.042716026306152344
kc1,1,AdaPrune_gap,0.8436018957345972,0.9264967397747481,0.0828948440401509,0.8055117058047964,0.7867700926524456,1.0367259979248047
kc1,1,AdaPrune_trend,0.8436018957345972,0.921161825726141,0.07755992999154382,0.8055117058047964,0.7864037922861452,1.1133079528808594
kc1,1,AdaPrune_data,0.8436018957345972,0.9264967397747481,0.0828948440401509,0.8055117058047964,0.7867700926524456,1.05924391746521
kc1,1,AdaPrune_hybrid,0.8436018957345972,0.9264967397747481,0.0828948440401509,0.8055117058047964,0.7867700926524456,1.1006221771240234
kc1,2,RF_default,0.8672985781990521,0.9875518672199171,0.12025328902086496,0.851588457971045,0.8329239388062917,0.11557793617248535
kc1,2,XGB_default,0.8625592417061612,0.9869590989922941,0.1243998572861329,0.8492347196565053,0.7979961215255333,0.05995678901672363
kc1,2,XGB_tuned,0.8672985781990521,0.9312388855957321,0.06394030739668,0.8450725017646465,0.8280327515621634,0.04369330406188965
kc1,2,XGB_early_stop,0.8578199052132701,0.919383521043272,0.061563615830001917,0.8320489409928493,0.8313510019392373,0.05094599723815918
kc1,2,LGBM_default,0.8672985781990521,0.983402489626556,0.11610391142750387,0.8500687968200581,0.8114414996767937,0.07082653045654297
kc1,2,LGBM_early_stop,0.8601895734597157,0.947243627741553,0.08705405428183732,0.8377016199532362,0.841413488472312,0.05748558044433594
kc1,2,AdaPrune_gap,0.8507109004739336,0.921161825726141,0.07045092525220742,0.8286139133168232,0.828873087696617,1.0019943714141846
kc1,2,AdaPrune_trend,0.8530805687203792,0.915826911677534,0.06274634295715487,0.830402664081574,0.824628312863607,1.029895305633545
kc1,2,AdaPrune_data,0.8507109004739336,0.921161825726141,0.07045092525220742,0.8286139133168232,0.828873087696617,1.0474560260772705
kc1,2,AdaPrune_hybrid,0.8507109004739336,0.921161825726141,0.07045092525220742,0.8286139133168232,0.828873087696617,1.0418422222137451
kc1,3,RF_default,0.8625592417061612,0.98814463544754,0.1255853937413789,0.8451258174735512,0.8463568266939054,0.10170745849609375
kc1,3,XGB_default,0.8507109004739336,0.9869590989922941,0.13624819851836045,0.8358026254670508,0.7973272046305754,0.06055569648742676
kc1,3,XGB_tuned,0.8767772511848341,0.9365737996443391,0.059796548459504995,0.8582099014974145,0.8204162410623086,0.044983863830566406
kc1,3,XGB_early_stop,0.8578199052132701,0.9270895080023711,0.06926960278910099,0.8345825835719898,0.8241615594143684,0.06195259094238281
kc1,3,LGBM_default,0.8436018957345972,0.981031416716064,0.13742952098146677,0.8331828727828141,0.7839419475655431,0.06785988807678223
kc1,3,LGBM_early_stop,0.8720379146919431,0.9235328986366331,0.05149498394468999,0.8476233170094392,0.8174157303370786,0.04781937599182129
kc1,3,AdaPrune_gap,0.8554502369668247,0.9270895080023711,0.07163927103554646,0.8288947051386003,0.8078609124957439,0.994849443435669
kc1,3,AdaPrune_trend,0.8601895734597157,0.9264967397747481,0.06630716631503242,0.8345047148061872,0.8138619339462037,1.0676028728485107
kc1,3,AdaPrune_data,0.8554502369668247,0.9270895080023711,0.07163927103554646,0.8288947051386003,0.8078609124957439,1.080073356628418
kc1,3,AdaPrune_hybrid,0.8554502369668247,0.9270895080023711,0.07163927103554646,0.8288947051386003,0.8078609124957439,1.0628979206085205
kc1,4,RF_default,0.8598574821852731,0.9917061611374408,0.13184867895216767,0.8455507574875109,0.7882022471910113,0.09693789482116699
kc1,4,XGB_default,0.850356294536817,0.9887440758293838,0.1383877812925668,0.838084675349679,0.7501512532411408,0.05421710014343262
kc1,4,XGB_tuned,0.850356294536817,0.9389810426540285,0.08862474811721144,0.8318010429140655,0.7774848746758859,0.04709124565124512
kc1,4,XGB_early_stop,0.8527315914489311,0.8945497630331753,0.04181817158424428,0.8216896339797478,0.7767286084701815,0.038106441497802734
kc1,4,LGBM_default,0.831353919239905,0.9828199052132701,0.15146598597336514,0.8206345330172959,0.748941227312014,0.0683436393737793
kc1,4,LGBM_early_stop,0.8551068883610451,0.8821090047393365,0.02700211637829142,0.8159459526217646,0.7727744165946414,0.03967452049255371
kc1,4,AdaPrune_gap,0.8432304038004751,0.9407582938388626,0.09752789003838747,0.8280389283689173,0.7493301642178047,1.1111259460449219
kc1,4,AdaPrune_trend,0.8551068883610451,0.9342417061611374,0.07913481780009235,0.8387629407996323,0.7538893690579084,1.1131079196929932
kc1,4,AdaPrune_data,0.8551068883610451,0.9383886255924171,0.083281737231372,0.8403151899447145,0.7528954191875541,1.1625714302062988
kc1,4,AdaPrune_hybrid,0.8456057007125891,0.9407582938388626,0.09515259312627344,0.8314276140007361,0.7507562662057045,1.171562671661377
letter,0,RF_default,0.96125,1.0,0.03874999999999995,0.9613305279761944,0.9995457461689631,0.21721649169921875
letter,0,XGB_default,0.9625,1.0,0.03749999999999998,0.9625556136531568,0.999504473324372,1.275153398513794
letter,0,XGB_tuned,0.9435,0.99075,0.047250000000000014,0.9436035148999978,0.9990296034490939,1.342125654220581
letter,0,XGB_early_stop,0.962,1.0,0.038000000000000034,0.9620804412216767,0.9995660446356237,3.9026224613189697
letter,0,LGBM_default,0.96525,1.0,0.03474999999999995,0.9654059064555397,0.9996618209095912,2.1677117347717285
letter,0,LGBM_early_stop,0.9645,1.0,0.035499999999999976,0.9646556558271968,0.999657925653271,3.0245518684387207
letter,0,AdaPrune_gap,0.8475,0.8828125,0.03531249999999997,0.8484268883823036,0.9929513058639938,70.05768585205078
letter,0,AdaPrune_trend,0.8475,0.8828125,0.03531249999999997,0.8484268883823036,0.9929513058639938,67.97174263000488
letter,0,AdaPrune_data,0.8475,0.8828125,0.03531249999999997,0.8484268883823036,0.9929513058639938,66.08961606025696
letter,0,AdaPrune_hybrid,0.8475,0.8828125,0.03531249999999997,0.8484268883823036,0.9929513058639938,65.87896013259888
letter,1,RF_default,0.959,1.0,0.041000000000000036,0.9590276190600038,0.9994398136418122,0.20973825454711914
letter,1,XGB_default,0.96075,1.0,0.03925000000000001,0.9607795640224452,0.9995772174715821,1.0845534801483154
letter,1,XGB_tuned,0.94125,0.9908125,0.049562499999999954,0.9413433158453929,0.9990194994821242,1.0967538356781006
letter,1,XGB_early_stop,0.96075,1.0,0.03925000000000001,0.960841492586104,0.9996002973087685,3.4042723178863525
letter,1,LGBM_default,0.964,1.0,0.03600000000000003,0.9640977033085836,0.9995707002092965,1.9021685123443604
letter,1,LGBM_early_stop,0.966,1.0,0.03400000000000003,0.9660783560241553,0.9995772885778027,2.785290479660034
letter,1,AdaPrune_gap,0.83725,0.8844375,0.04718749999999994,0.8379602135735233,0.991954910765383,65.13873100280762
letter,1,AdaPrune_trend,0.83725,0.8844375,0.04718749999999994,0.8379602135735233,0.991954910765383,65.23773217201233
letter,1,AdaPrune_data,0.83725,0.8844375,0.04718749999999994,0.8379602135735233,0.991954910765383,65.11109685897827
letter,1,AdaPrune_hybrid,0.83725,0.8844375,0.04718749999999994,0.8379602135735233,0.991954910765383,64.11275339126587
letter,2,RF_default,0.961,1.0,0.039000000000000035,0.9610451285599645,0.9995446719062213,0.23037338256835938
letter,2,XGB_default,0.96,1.0,0.040000000000000036,0.9600240818785301,0.9996491948517823,1.2487008571624756
letter,2,XGB_tuned,0.944,0.9910625,0.04706250000000001,0.944056116206033,0.9991147830495213,1.169234275817871
letter,2,XGB_early_stop,0.96125,1.0,0.03874999999999995,0.9613091474400498,0.9996029987432931,3.68167781829834
letter,2,LGBM_default,0.96525,1.0,0.03474999999999995,0.9653016972705468,0.9995970976794287,2.05422306060791
letter,2,LGBM_early_stop,0.96775,1.0,0.03225,0.9678167404564675,0.9996353879061687,3.4835522174835205
letter,2,AdaPrune_gap,0.856,0.889,0.03300000000000003,0.8562651562415929,0.9932422620776479,65.07093787193298
letter,2,AdaPrune_trend,0.856,0.889,0.03300000000000003,0.8562651562415929,0.9932422620776479,65.3452730178833
letter,2,AdaPrune_data,0.856,0.889,0.03300000000000003,0.8562651562415929,0.9932422620776479,65.56642293930054
letter,2,AdaPrune_hybrid,0.856,0.889,0.03300000000000003,0.8562651562415929,0.9932422620776479,65.50267910957336
letter,3,RF_default,0.96725,1.0,0.032749999999999946,0.9672540888991411,0.9994906060429375,0.2176501750946045
letter,3,XGB_default,0.964,1.0,0.03600000000000003,0.9640140803542879,0.9996793540011583,1.2065792083740234
letter,3,XGB_tuned,0.94975,0.9906875,0.04093750000000007,0.949851341721759,0.9993267475962921,1.1650073528289795
letter,3,XGB_early_stop,0.96475,1.0,0.035250000000000004,0.9647787213465171,0.9997173740843517,3.500170946121216
letter,3,LGBM_default,0.96825,1.0,0.031749999999999945,0.9683139816129723,0.9997368415294254,1.939176082611084
letter,3,LGBM_early_stop,0.9685,1.0,0.03149999999999997,0.9685572945866204,0.9997407366933818,2.761493682861328
letter,3,AdaPrune_gap,0.85725,0.881625,0.024375000000000036,0.8576672180823455,0.9938619478209159,65.44428277015686
letter,3,AdaPrune_trend,0.85725,0.881625,0.024375000000000036,0.8576672180823455,0.9938619478209159,65.62300205230713
letter,3,AdaPrune_data,0.85725,0.881625,0.024375000000000036,0.8576672180823455,0.9938619478209159,65.72503876686096
letter,3,AdaPrune_hybrid,0.85725,0.881625,0.024375000000000036,0.8576672180823455,0.9938619478209159,65.77476263046265
letter,4,RF_default,0.966,1.0,0.03400000000000003,0.9660264700162932,0.999622122568584,0.21663117408752441
letter,4,XGB_default,0.96425,1.0,0.03574999999999995,0.964279781644384,0.9996697465499286,1.1082909107208252
letter,4,XGB_tuned,0.94575,0.99075,0.04500000000000004,0.9457651038805533,0.9993117974723295,1.1269705295562744
letter,4,XGB_early_stop,0.96175,1.0,0.038250000000000006,0.9617553368694173,0.9997271862518923,3.3882811069488525
letter,4,LGBM_default,0.96875,1.0,0.03125,0.9687415058546541,0.9997322474168187,1.8778049945831299
letter,4,LGBM_early_stop,0.968,1.0,0.03200000000000003,0.9679982803309772,0.9997271805468236,2.5427775382995605
letter,4,AdaPrune_gap,0.853,0.8805,0.02749999999999997,0.8533905758279288,0.9927548681956704,65.39317297935486
letter,4,AdaPrune_trend,0.853,0.8805,0.02749999999999997,0.8533905758279288,0.9927548681956704,65.51744198799133
letter,4,AdaPrune_data,0.853,0.8805,0.02749999999999997,0.8533905758279288,0.9927548681956704,65.24061918258667
letter,4,AdaPrune_hybrid,0.853,0.8805,0.02749999999999997,0.8533905758279288,0.9927548681956704,65.49903321266174
magic,0,RF_default,0.8845951629863302,1.0,0.11540483701366977,0.8828286879033923,0.9390502122406187,0.3001539707183838
magic,0,XGB_default,0.8851209253417456,0.9677313354363828,0.08261041009463721,0.8833888818301372,0.9339132949852035,0.0895843505859375
magic,0,XGB_tuned,0.8811777076761304,0.921267087276551,0.040089379600420694,0.8787778364192469,0.9333757582133525,0.07458853721618652
magic,0,XGB_early_stop,0.8827549947423764,0.9458464773922187,0.06309148264984232,0.8807829819323018,0.936500323340647,0.21405673027038574
magic,0,LGBM_default,0.8796004206098843,0.92448738170347,0.0448869610935857,0.8773453942703131,0.936394816969184,0.06979155540466309
magic,0,LGBM_early_stop,0.879863301787592,0.9520241850683491,0.0721608832807571,0.8778849638706557,0.9376439153899537,0.1642470359802246
magic,0,AdaPrune_gap,0.8719768664563617,0.9052970557308097,0.03332018927444791,0.8690200860190822,0.9279397546491777,15.386534690856934
magic,0,AdaPrune_trend,0.8719768664563617,0.9052970557308097,0.03332018927444791,0.8690200860190822,0.9279397546491777,15.286324262619019
magic,0,AdaPrune_data,0.8719768664563617,0.9052970557308097,0.03332018927444791,0.8690200860190822,0.9279397546491777,15.334584712982178
magic,0,AdaPrune_hybrid,0.8719768664563617,0.9052970557308097,0.03332018927444791,0.8690200860190822,0.9279397546491777,15.227182626724243
magic,1,RF_default,0.882229232386961,0.999934279705573,0.11770504731861198,0.879966224840327,0.9355974555986442,0.3156588077545166
magic,1,XGB_default,0.8774973711882229,0.9679284963196635,0.09043112513144058,0.8755514765264923,0.9365594432901738,0.08629679679870605
magic,1,XGB_tuned,0.880651945320715,0.9153522607781283,0.034700315457413256,0.8780324981231956,0.9345114676027223,0.07731771469116211
magic,1,XGB_early_stop,0.8845951629863302,0.9462407991587802,0.06164563617245,0.8824197050855671,0.9377306246492596,0.20388507843017578
magic,1,LGBM_default,0.8777602523659306,0.9214642481598317,0.04370399579390116,0.8756319699564655,0.9359485371450644,0.07188796997070312
magic,1,LGBM_early_stop,0.8801261829652997,0.9419689800210305,0.061842797055730814,0.8781381256257418,0.9379425469298706,0.139512300491333
magic,1,AdaPrune_gap,0.8719768664563617,0.9043112513144059,0.032334384858044185,0.8691832070819008,0.9286473749681283,15.228946924209595
magic,1,AdaPrune_trend,0.8719768664563617,0.9043112513144059,0.032334384858044185,0.8691832070819008,0.9286473749681283,15.21836233139038
magic,1,AdaPrune_data,0.8719768664563617,0.9043112513144059,0.032334384858044185,0.8691832070819008,0.9286473749681283,15.143028736114502
magic,1,AdaPrune_hybrid,0.8719768664563617,0.9043112513144059,0.032334384858044185,0.8691832070819008,0.9286473749681283,15.11820125579834
magic,2,RF_default,0.8838065194532071,1.0,0.1161934805467929,0.8816904417741754,0.9404377864821059,0.2936687469482422
magic,2,XGB_default,0.8877497371188223,0.9662197686645636,0.07847003154574128,0.8861372937740737,0.9395815982261598,0.07693791389465332
magic,2,XGB_tuned,0.8840694006309149,0.9163380651945321,0.03226866456361721,0.881718130888952,0.9400616698004672,0.0774071216583252
magic,2,XGB_early_stop,0.8885383806519453,0.9529442691903259,0.06440588853838058,0.8867454554896184,0.9430039266460333,0.23497986793518066
magic,2,LGBM_default,0.8898527865404837,0.9200184016824395,0.030165615141955815,0.8877000517341481,0.9385147725054767,0.07052850723266602
magic,2,LGBM_early_stop,0.8922187171398528,0.9608964248159831,0.06867770767613035,0.8903330277501232,0.941417023386517,0.19287896156311035
magic,2,AdaPrune_gap,0.8767087276550999,0.9070057833859095,0.030297055730809652,0.8738349885442699,0.9316555680422658,15.033881664276123
magic,2,AdaPrune_trend,0.8767087276550999,0.9070057833859095,0.030297055730809652,0.8738349885442699,0.9316555680422658,14.977465391159058
magic,2,AdaPrune_data,0.8767087276550999,0.9070057833859095,0.030297055730809652,0.8738349885442699,0.9316555680422658,15.293307304382324
magic,2,AdaPrune_hybrid,0.8767087276550999,0.9070057833859095,0.030297055730809652,0.8738349885442699,0.9316555680422658,15.084492444992065
magic,3,RF_default,0.870925341745531,0.999934279705573,0.12900893796004198,0.8685591759115776,0.9294516030874905,0.28940749168395996
magic,3,XGB_default,0.8761829652996845,0.9672712933753943,0.09108832807570977,0.8743198214016873,0.9299659221920359,0.08001136779785156
magic,3,XGB_tuned,0.8719768664563617,0.919689800210305,0.047712933753943254,0.8694119218503009,0.930548433281568,0.08231258392333984
magic,3,XGB_early_stop,0.8761829652996845,0.935922712933754,0.05973974763406942,0.8737932963968338,0.9312449007549005,0.17215371131896973
magic,3,LGBM_default,0.8793375394321766,0.922910094637224,0.043572555205047325,0.8772121477288705,0.9308909085839465,0.07571649551391602
magic,3,LGBM_early_stop,0.8803890641430073,0.9392087276550999,0.05881966351209256,0.8784789459237419,0.93161040979443,0.1250014305114746
magic,3,AdaPrune_gap,0.8680336487907466,0.9049684542586751,0.03693480546792849,0.86547060155307,0.9261723262983452,15.099976539611816
magic,3,AdaPrune_trend,0.8680336487907466,0.9049684542586751,0.03693480546792849,0.86547060155307,0.9261723262983452,15.10866403579712
magic,3,AdaPrune_data,0.8680336487907466,0.9049684542586751,0.03693480546792849,0.86547060155307,0.9261723262983452,15.153321266174316
magic,3,AdaPrune_hybrid,0.8680336487907466,0.9049684542586751,0.03693480546792849,0.86547060155307,0.9261723262983452,15.080574035644531
magic,4,RF_default,0.879074658254469,1.0,0.12092534174553105,0.8775134853836373,0.9362530716700793,0.2967252731323242
magic,4,XGB_default,0.8840694006309149,0.9611593059936908,0.07708990536277593,0.8825855185414431,0.9364359777275886,0.0754709243774414
magic,4,XGB_tuned,0.879074658254469,0.9175867507886435,0.038512092534174536,0.8771013368154242,0.9343783982339184,0.08620214462280273
magic,4,XGB_early_stop,0.8835436382754994,0.9524185068349106,0.06887486855941116,0.8817377661720867,0.9377079855542099,0.2752535343170166
magic,4,LGBM_default,0.879863301787592,0.9217271293375394,0.04186382754994744,0.8780279976462435,0.9370494025169814,0.07816481590270996
magic,4,LGBM_early_stop,0.8845951629863302,0.9413117770767613,0.05671661409043105,0.8830411662135819,0.9389866610415857,0.14226865768432617
magic,4,AdaPrune_gap,0.8717139852786541,0.9064143007360673,0.034700315457413256,0.8695604691660778,0.9275626851033548,15.192892074584961
magic,4,AdaPrune_trend,0.8717139852786541,0.9064143007360673,0.034700315457413256,0.8695604691660778,0.9275626851033548,15.142332315444946
magic,4,AdaPrune_data,0.8717139852786541,0.9064143007360673,0.034700315457413256,0.8695604691660778,0.9275626851033548,15.14077353477478
magic,4,AdaPrune_hybrid,0.8717139852786541,0.9064143007360673,0.034700315457413256,0.8695604691660778,0.9275626851033548,15.243225812911987
mushroom,0,RF_default,1.0,1.0,0.0,1.0,1.0,0.11404275894165039
mushroom,0,XGB_default,1.0,1.0,0.0,1.0,1.0,0.030537128448486328
mushroom,0,XGB_tuned,1.0,1.0,0.0,1.0,1.0,0.033840179443359375
mushroom,0,XGB_early_stop,1.0,1.0,0.0,1.0,1.0,0.1353766918182373
mushroom,0,LGBM_default,1.0,1.0,0.0,1.0,1.0,0.04834723472595215
mushroom,0,LGBM_early_stop,1.0,1.0,0.0,1.0,1.0,0.0936894416809082
mushroom,0,AdaPrune_gap,0.9993846153846154,0.998307431912602,-0.0010771834720134654,0.9993846284506561,0.9999833167511951,1.5894560813903809
mushroom,0,AdaPrune_trend,0.9993846153846154,0.998307431912602,-0.0010771834720134654,0.9993846284506561,0.9999833167511951,1.6565442085266113
mushroom,0,AdaPrune_data,0.9993846153846154,0.998307431912602,-0.0010771834720134654,0.9993846284506561,0.9999833167511951,1.6437885761260986
mushroom,0,AdaPrune_hybrid,0.9993846153846154,0.998307431912602,-0.0010771834720134654,0.9993846284506561,0.9999833167511951,1.6458098888397217
mushroom,1,RF_default,1.0,1.0,0.0,1.0,1.0,0.12172150611877441
mushroom,1,XGB_default,1.0,1.0,0.0,1.0,1.0,0.03610539436340332
mushroom,1,XGB_tuned,1.0,1.0,0.0,1.0,0.9999999999999999,0.03445625305175781
mushroom,1,XGB_early_stop,1.0,1.0,0.0,1.0,1.0,0.11199569702148438
mushroom,1,LGBM_default,1.0,1.0,0.0,1.0,1.0,0.0630350112915039
mushroom,1,LGBM_early_stop,1.0,1.0,0.0,1.0,1.0,0.10308051109313965
mushroom,1,AdaPrune_gap,0.9975384615384615,0.9987690413909832,0.0012305798525217293,0.9975386668533166,0.9999696641518249,1.5847394466400146
mushroom,1,AdaPrune_trend,0.9975384615384615,0.9987690413909832,0.0012305798525217293,0.9975386668533166,0.9999696641518249,1.631680965423584
mushroom,1,AdaPrune_data,0.9975384615384615,0.9987690413909832,0.0012305798525217293,0.9975386668533166,0.9999696641518249,1.608154535293579
mushroom,1,AdaPrune_hybrid,0.9975384615384615,0.9987690413909832,0.0012305798525217293,0.9975386668533166,0.9999696641518249,1.6114130020141602
mushroom,2,RF_default,1.0,1.0,0.0,1.0,1.0,0.12012720108032227
mushroom,2,XGB_default,1.0,1.0,0.0,1.0,1.0,0.03163933753967285
mushroom,2,XGB_tuned,1.0,1.0,0.0,1.0,1.0,0.0373990535736084
mushroom,2,XGB_early_stop,1.0,1.0,0.0,1.0,1.0,0.13130545616149902
mushroom,2,LGBM_default,1.0,1.0,0.0,1.0,1.0,0.052083730697631836
mushroom,2,LGBM_early_stop,1.0,1.0,0.0,1.0,1.0,0.10440659523010254
mushroom,2,AdaPrune_gap,0.9975384615384615,0.9987690413909832,0.0012305798525217293,0.9975386668533166,0.9999635969821898,1.6011991500854492
mushroom,2,AdaPrune_trend,0.9975384615384615,0.9987690413909832,0.0012305798525217293,0.9975386668533166,0.9999635969821898,1.634875774383545
mushroom,2,AdaPrune_data,0.9975384615384615,0.9987690413909832,0.0012305798525217293,0.9975386668533166,0.9999635969821898,1.6201672554016113
mushroom,2,AdaPrune_hybrid,0.9975384615384615,0.9987690413909832,0.0012305798525217293,0.9975386668533166,0.9999635969821898,1.600088357925415
mushroom,3,RF_default,1.0,1.0,0.0,1.0,1.0,0.12458443641662598
mushroom,3,XGB_default,1.0,1.0,0.0,1.0,1.0,0.037720680236816406
mushroom,3,XGB_tuned,1.0,1.0,0.0,1.0,1.0,0.031398773193359375
mushroom,3,XGB_early_stop,1.0,1.0,0.0,1.0,1.0,0.11412692070007324
mushroom,3,LGBM_default,1.0,1.0,0.0,1.0,1.0,0.052074432373046875
mushroom,3,LGBM_early_stop,1.0,1.0,0.0,1.0,1.0,0.10268521308898926
mushroom,3,AdaPrune_gap,0.9987692307692307,0.998461301738729,-0.00030792903050169684,0.9987692839689611,0.9999999999999999,1.5937843322753906
mushroom,3,AdaPrune_trend,0.9987692307692307,0.998461301738729,-0.00030792903050169684,0.9987692839689611,0.9999999999999999,1.5887176990509033
mushroom,3,AdaPrune_data,0.9987692307692307,0.998461301738729,-0.00030792903050169684,0.9987692839689611,0.9999999999999999,1.580256700515747
mushroom,3,AdaPrune_hybrid,0.9987692307692307,0.998461301738729,-0.00030792903050169684,0.9987692839689611,0.9999999999999999,1.626830816268921
mushroom,4,RF_default,1.0,1.0,0.0,1.0,1.0,0.10643625259399414
mushroom,4,XGB_default,1.0,1.0,0.0,1.0,1.0,0.030818462371826172
mushroom,4,XGB_tuned,1.0,1.0,0.0,1.0,1.0,0.034637451171875
mushroom,4,XGB_early_stop,1.0,1.0,0.0,1.0,1.0000000000000002,0.1114342212677002
mushroom,4,LGBM_default,1.0,1.0,0.0,1.0,1.0,0.05098414421081543
mushroom,4,LGBM_early_stop,1.0,1.0,0.0,1.0,1.0,0.0901334285736084
mushroom,4,AdaPrune_gap,0.999384236453202,0.9983076923076923,-0.001076544145509617,0.9993842497777387,0.9999954442120993,1.5608017444610596
mushroom,4,AdaPrune_trend,0.999384236453202,0.9983076923076923,-0.001076544145509617,0.9993842497777387,0.9999954442120993,1.6356441974639893
mushroom,4,AdaPrune_data,0.999384236453202,0.9983076923076923,-0.001076544145509617,0.9993842497777387,0.9999954442120993,1.621791124343872
mushroom,4,AdaPrune_hybrid,0.999384236453202,0.9983076923076923,-0.001076544145509617,0.9993842497777387,0.9999954442120993,1.5959961414337158
phoneme,0,RF_default,0.9010175763182239,1.0,0.09898242368177612,0.9012423521409368,0.9629791732042876,0.12635016441345215
phoneme,0,XGB_default,0.8917668825161887,0.9925977330557483,0.10083085053955954,0.8924811346538463,0.9573389267841512,0.0624384880065918
phoneme,0,XGB_tuned,0.8806660499537465,0.9474901688642147,0.06682411891046813,0.8815528708959595,0.9502679736403126,0.04934549331665039
phoneme,0,XGB_early_stop,0.8973172987974098,0.9923664122137404,0.0950491134163306,0.898164706161474,0.9607453713643946,0.15006184577941895
phoneme,0,LGBM_default,0.8926919518963923,0.9747860282211427,0.08209407632475041,0.8932639190364758,0.9565626703222291,0.05158853530883789
phoneme,0,LGBM_early_stop,0.8963922294172063,0.9935230164237798,0.09713078700657352,0.8970324171967706,0.9584661502634317,0.10511374473571777
phoneme,0,AdaPrune_gap,0.8769657724329325,0.9243580846634282,0.04739231223049567,0.8771344746910783,0.943539729466365,2.150430202484131
phoneme,0,AdaPrune_trend,0.8769657724329325,0.9243580846634282,0.04739231223049567,0.8771344746910783,0.943539729466365,2.1116507053375244
phoneme,0,AdaPrune_data,0.8769657724329325,0.9243580846634282,0.04739231223049567,0.8771344746910783,0.943539729466365,2.121030807495117
phoneme,0,AdaPrune_hybrid,0.8769657724329325,0.9243580846634282,0.04739231223049567,0.8771344746910783,0.943539729466365,2.1347241401672363
phoneme,1,RF_default,0.9121184088806661,1.0,0.08788159111933391,0.9110219529769932,0.9622648520983699,0.12983202934265137
phoneme,1,XGB_default,0.8936170212765957,0.9965301873698821,0.10291316609328638,0.8926269961100083,0.9499025550398864,0.04805755615234375
phoneme,1,XGB_tuned,0.8843663274745606,0.9444829979181124,0.060116670443551845,0.8837587302019543,0.9429451500487225,0.04243946075439453
phoneme,1,XGB_early_stop,0.8889916743755781,0.9865833911635439,0.09759171678796574,0.8879008292361821,0.9478669463392075,0.1506035327911377
phoneme,1,LGBM_default,0.8908418131359852,0.9754799907471663,0.08463817761118109,0.8902141319094777,0.950905907807158,0.05473184585571289
phoneme,1,LGBM_early_stop,0.8908418131359852,0.9958362248438585,0.10499441170787327,0.8893021499082673,0.9543619006722049,0.11877083778381348
phoneme,1,AdaPrune_gap,0.8741905642923219,0.9218135554013417,0.0476229911090198,0.8725530197972868,0.9367701950550812,2.121619462966919
phoneme,1,AdaPrune_trend,0.8741905642923219,0.9218135554013417,0.0476229911090198,0.8725530197972868,0.9367701950550812,2.096557378768921
phoneme,1,AdaPrune_data,0.8741905642923219,0.9218135554013417,0.0476229911090198,0.8725530197972868,0.9367701950550812,2.0993030071258545
phoneme,1,AdaPrune_hybrid,0.8741905642923219,0.9218135554013417,0.0476229911090198,0.8725530197972868,0.9367701950550812,2.0952558517456055
phoneme,2,RF_default,0.9074930619796485,1.0,0.09250693802035148,0.9073201553981608,0.959395180603498,0.12534141540527344
phoneme,2,XGB_default,0.8945420906567992,0.9956049040018505,0.1010628133450513,0.8944441536143257,0.9513642294415909,0.048451900482177734
phoneme,2,XGB_tuned,0.8908418131359852,0.9447143187601202,0.053872505624135036,0.8911383314532098,0.9471402381620889,0.049295663833618164
phoneme,2,XGB_early_stop,0.9056429232192414,0.9925977330557483,0.08695480983650683,0.9055552953391336,0.9544816423604804,0.16149163246154785
phoneme,2,LGBM_default,0.8945420906567992,0.9787184825352764,0.08417639187847714,0.8946387975685629,0.9514757130823988,0.05124497413635254
phoneme,2,LGBM_early_stop,0.8973172987974098,0.9965301873698821,0.09921288857247224,0.8972697692035351,0.9547995771879697,0.11158275604248047
phoneme,2,AdaPrune_gap,0.8843663274745606,0.9250520471894518,0.04068571971489121,0.8838723151471234,0.9372842585099179,2.1412782669067383
phoneme,2,AdaPrune_trend,0.8769657724329325,0.9234328012953967,0.04646702886246423,0.876196937881837,0.936673162997341,2.1126327514648438
phoneme,2,AdaPrune_data,0.8843663274745606,0.9250520471894518,0.04068571971489121,0.8838723151471234,0.9372842585099179,2.0998573303222656
phoneme,2,AdaPrune_hybrid,0.8825161887141536,0.9248207263474439,0.04230453763329034,0.8818988698851855,0.9375319999339357,2.0891973972320557
phoneme,3,RF_default,0.9130434782608695,1.0,0.08695652173913049,0.9126319989466131,0.9561314572566089,0.13255071640014648
phoneme,3,XGB_default,0.8954671600370028,0.9939856581077955,0.09851849807079271,0.8957030384443633,0.9544251836098816,0.04980802536010742
phoneme,3,XGB_tuned,0.8991674375578168,0.9477214897062225,0.04855405214840569,0.8993048239017928,0.9473321958175688,0.04659128189086914
phoneme,3,XGB_early_stop,0.902867715078631,0.9895905621096461,0.08672284703101518,0.9027328337987162,0.9561190929548209,0.16352486610412598
phoneme,3,LGBM_default,0.8954671600370028,0.9747860282211427,0.07931886818413991,0.8951241582173188,0.9497185060626294,0.057990074157714844
phoneme,3,LGBM_early_stop,0.9056429232192414,0.9932916955817719,0.08764877236253044,0.9051964243888779,0.9529620745649827,0.10548710823059082
phoneme,3,AdaPrune_gap,0.877890841813136,0.928059218135554,0.050168376322417996,0.877664040241092,0.9337252817000092,2.148648500442505
phoneme,3,AdaPrune_trend,0.877890841813136,0.928059218135554,0.050168376322417996,0.877664040241092,0.9337252817000092,2.0987119674682617
phoneme,3,AdaPrune_data,0.877890841813136,0.928059218135554,0.050168376322417996,0.877664040241092,0.9337252817000092,2.0969200134277344
phoneme,3,AdaPrune_hybrid,0.877890841813136,0.928059218135554,0.050168376322417996,0.877664040241092,0.9337252817000092,2.100778102874756
phoneme,4,RF_default,0.9148148148148149,1.0,0.08518518518518514,0.9138890296285037,0.963891909323565,0.14511895179748535
phoneme,4,XGB_default,0.9092592592592592,0.9939870490286772,0.08472778976941797,0.9085553909216281,0.9563817076044668,0.05163121223449707
phoneme,4,XGB_tuned,0.9009259259259259,0.9440333024976874,0.04310737657176145,0.9003073602178046,0.951420385246681,0.04485774040222168
phoneme,4,XGB_early_stop,0.899074074074074,0.9851988899167438,0.08612481584266973,0.8981356358331652,0.9586308404066631,0.14720940589904785
phoneme,4,LGBM_default,0.9083333333333333,0.9740980573543015,0.06576472402096822,0.9077610155286229,0.9546824546969251,0.04977703094482422
phoneme,4,LGBM_early_stop,0.9120370370370371,0.9951433857539316,0.08310634871689448,0.9114878431840321,0.9575476183585463,0.10477876663208008
phoneme,4,AdaPrune_gap,0.8805555555555555,0.92368177613321,0.04312622057765447,0.8785404638243983,0.9391369779758633,2.1203720569610596
phoneme,4,AdaPrune_trend,0.8805555555555555,0.92368177613321,0.04312622057765447,0.8785404638243983,0.9391369779758633,2.08319354057312
phoneme,4,AdaPrune_data,0.8805555555555555,0.92368177613321,0.04312622057765447,0.8785404638243983,0.9391369779758633,2.1106860637664795
phoneme,4,AdaPrune_hybrid,0.8805555555555555,0.92368177613321,0.04312622057765447,0.8785404638243983,0.9391369779758633,2.092411994934082
satimage,0,RF_default,0.9175738724727839,1.0,0.08242612752721612,0.9152492205140821,0.9907907931213011,0.146561861038208
satimage,0,XGB_default,0.9230171073094868,1.0,0.07698289269051317,0.9208811693284696,0.992307025851595,0.3129298686981201
satimage,0,XGB_tuned,0.9175738724727839,0.995334370139969,0.07776049766718507,0.9159941218488803,0.9919181364679086,0.34618139266967773
satimage,0,XGB_early_stop,0.9175738724727839,1.0,0.08242612752721612,0.9161069222815531,0.9924003079911189,0.6403586864471436
satimage,0,LGBM_default,0.9253499222395023,1.0,0.0746500777604977,0.9237193177470724,0.9933240412485115,0.33817338943481445
satimage,0,LGBM_early_stop,0.9183514774494557,1.0,0.08164852255054433,0.9166420715662222,0.9928255189300242,0.35576725006103516
satimage,0,AdaPrune_gap,0.8895800933125972,0.9364307931570762,0.04685069984447898,0.8862929479244306,0.987019755803769,13.579564809799194
satimage,0,AdaPrune_trend,0.8895800933125972,0.9364307931570762,0.04685069984447898,0.8862929479244306,0.987019755803769,13.535929918289185
satimage,0,AdaPrune_data,0.8895800933125972,0.9364307931570762,0.04685069984447898,0.8862929479244306,0.987019755803769,13.406886339187622
satimage,0,AdaPrune_hybrid,0.8895800933125972,0.9364307931570762,0.04685069984447898,0.8862929479244306,0.987019755803769,13.588144540786743
satimage,1,RF_default,0.9191290824261276,1.0,0.08087091757387244,0.9171349497889182,0.9919940154610518,0.14293241500854492
satimage,1,XGB_default,0.9237947122861586,1.0,0.07620528771384139,0.9225759956776276,0.9930244560555118,0.32514166831970215
satimage,1,XGB_tuned,0.916796267496112,0.9951399688958009,0.07834370139968894,0.9159279611434314,0.9920820322868665,0.3351633548736572
satimage,1,XGB_early_stop,0.9191290824261276,0.999611197511664,0.08048211508553649,0.9177117872166681,0.9924644859456336,0.5142018795013428
satimage,1,LGBM_default,0.9183514774494557,1.0,0.08164852255054433,0.9176984230110509,0.9927497667889691,0.3406810760498047
satimage,1,LGBM_early_stop,0.9144634525660964,1.0,0.0855365474339036,0.9137616634646148,0.9923405135672003,0.3060452938079834
satimage,1,AdaPrune_gap,0.895800933125972,0.9360419906687403,0.0402410575427683,0.8930084585367262,0.9886777754591851,13.550208330154419
satimage,1,AdaPrune_trend,0.895800933125972,0.9360419906687403,0.0402410575427683,0.8930084585367262,0.9886777754591851,13.522472143173218
satimage,1,AdaPrune_data,0.895800933125972,0.9360419906687403,0.0402410575427683,0.8930084585367262,0.9886777754591851,13.493658781051636
satimage,1,AdaPrune_hybrid,0.895800933125972,0.9360419906687403,0.0402410575427683,0.8930084585367262,0.9886777754591851,13.484911680221558
satimage,2,RF_default,0.9245723172628305,1.0,0.07542768273716949,0.9219768981620008,0.9923813098848693,0.1464073657989502
satimage,2,XGB_default,0.916796267496112,1.0,0.08320373250388802,0.9151353952367915,0.9919357704566878,0.2923567295074463
satimage,2,XGB_tuned,0.9097978227060654,0.994945567651633,0.08514774494556765,0.9073641308623143,0.9911368413477749,0.3045957088470459
satimage,2,XGB_early_stop,0.9090202177293935,0.9980559875583204,0.08903576982892691,0.9064344065861651,0.9910293053720141,0.45734310150146484
satimage,2,LGBM_default,0.926905132192846,1.0,0.07309486780715402,0.9253973116403035,0.9922957274585983,0.34576916694641113
satimage,2,LGBM_early_stop,0.9222395023328149,1.0,0.07776049766718507,0.9204142697162546,0.9919395533517202,0.29712796211242676
satimage,2,AdaPrune_gap,0.8911353032659409,0.932542768273717,0.041407465007776034,0.8881830988041562,0.9868426282695124,13.382211685180664
satimage,2,AdaPrune_trend,0.8911353032659409,0.932542768273717,0.041407465007776034,0.8881830988041562,0.9868426282695124,13.41792345046997
satimage,2,AdaPrune_data,0.8911353032659409,0.932542768273717,0.041407465007776034,0.8881830988041562,0.9868426282695124,13.492146968841553
satimage,2,AdaPrune_hybrid,0.8911353032659409,0.932542768273717,0.041407465007776034,0.8881830988041562,0.9868426282695124,13.503973245620728
satimage,3,RF_default,0.9082426127527217,0.9998055987558321,0.09156298600311041,0.9052115469227492,0.9914417135839793,0.14197826385498047
satimage,3,XGB_default,0.9206842923794712,1.0,0.07931570762052875,0.9197853619142742,0.9919158461385845,0.3165464401245117
satimage,3,XGB_tuned,0.916796267496112,0.994751166407465,0.07795489891135299,0.9154487903966998,0.9903442587433973,0.3111083507537842
satimage,3,XGB_early_stop,0.9160186625194401,0.9990279937791602,0.0830093312597201,0.914753840471639,0.9909298269296231,0.5397262573242188
satimage,3,LGBM_default,0.9245723172628305,1.0,0.07542768273716949,0.9230318491693009,0.9918644059734701,0.35776662826538086
satimage,3,LGBM_early_stop,0.9175738724727839,1.0,0.08242612752721612,0.9157323391085909,0.991610693038903,0.34248971939086914
satimage,3,AdaPrune_gap,0.8919129082426127,0.937402799377916,0.04548989113530333,0.8888071789092071,0.986718693825571,13.443341732025146
satimage,3,AdaPrune_trend,0.8919129082426127,0.937402799377916,0.04548989113530333,0.8888071789092071,0.986718693825571,13.502446174621582
satimage,3,AdaPrune_data,0.8919129082426127,0.937402799377916,0.04548989113530333,0.8888071789092071,0.986718693825571,13.488470077514648
satimage,3,AdaPrune_hybrid,0.8919129082426127,0.937402799377916,0.04548989113530333,0.8888071789092071,0.986718693825571,13.42231798171997
satimage,4,RF_default,0.9090202177293935,1.0,0.09097978227060655,0.9064751067361972,0.9917977170985772,0.14558792114257812
satimage,4,XGB_default,0.9206842923794712,1.0,0.07931570762052875,0.9195890961669986,0.9936258121367147,0.32495737075805664
satimage,4,XGB_tuned,0.9129082426127527,0.994751166407465,0.08184292379471225,0.9112692794449291,0.9929387216428761,0.31041383743286133
satimage,4,XGB_early_stop,0.9175738724727839,1.0,0.08242612752721612,0.9164534876677901,0.9933313096241989,0.6484739780426025
satimage,4,LGBM_default,0.9136858475894246,1.0,0.08631415241057538,0.9132494339751996,0.9936913651463695,0.36958742141723633
satimage,4,LGBM_early_stop,0.9144634525660964,0.9998055987558321,0.08534214618973568,0.9138990100338549,0.9931491541525009,0.2995340824127197
satimage,4,AdaPrune_gap,0.8880248833592534,0.9333203732503889,0.04529548989113541,0.8846919829127878,0.9888211061594199,13.46596074104309
satimage,4,AdaPrune_trend,0.8880248833592534,0.9333203732503889,0.04529548989113541,0.8846919829127878,0.9888211061594199,13.531964778900146
satimage,4,AdaPrune_data,0.8880248833592534,0.9333203732503889,0.04529548989113541,0.8846919829127878,0.9888211061594199,13.628340482711792
satimage,4,AdaPrune_hybrid,0.8880248833592534,0.9333203732503889,0.04529548989113541,0.8846919829127878,0.9888211061594199,13.652867794036865
segment,0,RF_default,0.9805194805194806,1.0,0.01948051948051943,0.9806883148611572,0.9996255848528575,0.08938431739807129
segment,0,XGB_default,0.9805194805194806,1.0,0.01948051948051943,0.9805506682586302,0.9996720451265905,0.17937684059143066
segment,0,XGB_tuned,0.9783549783549783,1.0,0.02164502164502169,0.9784346167538397,0.999628317810136,0.17885375022888184
segment,0,XGB_early_stop,0.9805194805194806,1.0,0.01948051948051943,0.9805668129158867,0.9997103065284885,0.5057077407836914
segment,0,LGBM_default,0.9783549783549783,1.0,0.02164502164502169,0.9784962909265063,0.9995572609208973,0.33647847175598145
segment,0,LGBM_early_stop,0.9805194805194806,1.0,0.01948051948051943,0.9805927955145094,0.999693908784818,0.29374217987060547
segment,0,AdaPrune_gap,0.9653679653679653,0.9929653679653679,0.02759740259740262,0.9654209728671366,0.9993058288512834,5.576938629150391
segment,0,AdaPrune_trend,0.9653679653679653,0.9929653679653679,0.02759740259740262,0.9654209728671366,0.9992621015348288,5.497073650360107
segment,0,AdaPrune_data,0.9653679653679653,0.9929653679653679,0.02759740259740262,0.9654209728671366,0.9993058288512834,5.50728964805603
segment,0,AdaPrune_hybrid,0.9653679653679653,0.9929653679653679,0.02759740259740262,0.9654209728671366,0.9993058288512834,5.582643985748291
segment,1,RF_default,0.9805194805194806,1.0,0.01948051948051943,0.9805000711487195,0.9994342778433689,0.09838128089904785
segment,1,XGB_default,0.9848484848484849,1.0,0.015151515151515138,0.9848474908176401,0.9992129083038174,0.17727088928222656
segment,1,XGB_tuned,0.9805194805194806,1.0,0.01948051948051943,0.9805478103985568,0.999382351655079,0.19279742240905762
segment,1,XGB_early_stop,0.9848484848484849,1.0,0.015151515151515138,0.9848474908176401,0.9992730333639426,0.4248692989349365
segment,1,LGBM_default,0.9805194805194806,1.0,0.01948051948051943,0.9804687935043161,0.999349556167738,0.3364531993865967
segment,1,LGBM_early_stop,0.9826839826839827,1.0,0.017316017316017285,0.9826669571030473,0.9991363855000217,0.3107471466064453
segment,1,AdaPrune_gap,0.9783549783549783,0.9886363636363636,0.010281385281385336,0.9781405770393988,0.9985843281297827,5.608588218688965
segment,1,AdaPrune_trend,0.9783549783549783,0.9891774891774892,0.010822510822510845,0.9781405770393988,0.99860619178801,5.442566871643066
segment,1,AdaPrune_data,0.9783549783549783,0.9886363636363636,0.010281385281385336,0.9781405770393988,0.9985843281297827,5.6761314868927
segment,1,AdaPrune_hybrid,0.9783549783549783,0.9886363636363636,0.010281385281385336,0.9781405770393988,0.9985843281297827,5.62693190574646
segment,2,RF_default,0.9783549783549783,1.0,0.02164502164502169,0.9782353975401691,0.9993714198259652,0.0974431037902832
segment,2,XGB_default,0.9848484848484849,1.0,0.015151515151515138,0.9847728864272982,0.9996009882373519,0.16860699653625488
segment,2,XGB_tuned,0.9805194805194806,1.0,0.01948051948051943,0.9803888381636773,0.9994206130569766,0.18049097061157227
segment,2,XGB_early_stop,0.9848484848484849,1.0,0.015151515151515138,0.9847728864272982,0.9996775110411473,0.4214973449707031
segment,2,LGBM_default,0.9891774891774892,1.0,0.010822510822510845,0.9891236718680796,0.9998305566487384,0.33102869987487793
segment,2,LGBM_early_stop,0.9891774891774892,1.0,0.010822510822510845,0.9891236718680796,0.9998141589050681,0.34009385108947754
segment,2,AdaPrune_gap,0.9718614718614719,0.987012987012987,0.015151515151515138,0.9720153669888494,0.9981634527089072,5.582236051559448
segment,2,AdaPrune_trend,0.9718614718614719,0.987012987012987,0.015151515151515138,0.9720153669888494,0.9981634527089072,5.597010612487793
segment,2,AdaPrune_data,0.9718614718614719,0.987012987012987,0.015151515151515138,0.9720153669888494,0.9981634527089072,5.6220543384552
segment,2,AdaPrune_hybrid,0.9718614718614719,0.987012987012987,0.015151515151515138,0.9720153669888494,0.9981634527089072,5.605602741241455
segment,3,RF_default,0.9761904761904762,1.0,0.023809523809523836,0.9762386783852661,0.9991063229699594,0.08764171600341797
segment,3,XGB_default,0.9783549783549783,1.0,0.02164502164502169,0.9785399513968556,0.9991965105601469,0.16684293746948242
segment,3,XGB_tuned,0.9783549783549783,1.0,0.02164502164502169,0.9784965670461854,0.9991582491582492,0.18853378295898438
segment,3,XGB_early_stop,0.9761904761904762,1.0,0.023809523809523836,0.9763795205655671,0.999256635620272,0.4556264877319336
segment,3,LGBM_default,0.9783549783549783,1.0,0.02164502164502169,0.9784469982943266,0.9992238401329311,0.3497946262359619
segment,3,LGBM_early_stop,0.9805194805194806,1.0,0.01948051948051943,0.9805821044627014,0.9990817263544536,0.3106980323791504
segment,3,AdaPrune_gap,0.9696969696969697,0.9886363636363636,0.018939393939393923,0.9699645264722098,0.9989068170886354,5.587782621383667
segment,3,AdaPrune_trend,0.9696969696969697,0.9886363636363636,0.018939393939393923,0.9699645264722098,0.9989068170886354,5.614541053771973
segment,3,AdaPrune_data,0.9696969696969697,0.9886363636363636,0.018939393939393923,0.9699645264722098,0.9989068170886354,5.593721389770508
segment,3,AdaPrune_hybrid,0.9696969696969697,0.9886363636363636,0.018939393939393923,0.9699645264722098,0.9989068170886354,5.5808515548706055
segment,4,RF_default,0.9805194805194806,1.0,0.01948051948051943,0.9804560534539247,0.9994534085443175,0.09650373458862305
segment,4,XGB_default,0.9891774891774892,1.0,0.010822510822510845,0.9891243952594831,0.9997758975031703,0.16964268684387207
segment,4,XGB_tuned,0.9891774891774892,1.0,0.010822510822510845,0.9891443191104557,0.9998688180506362,0.18277192115783691
segment,4,XGB_early_stop,0.987012987012987,1.0,0.012987012987012991,0.986961910270181,0.9998469543924089,0.4853250980377197
segment,4,LGBM_default,0.9935064935064936,1.0,0.00649350649350644,0.9934898463567465,0.9999726704272157,0.36137890815734863
segment,4,LGBM_early_stop,0.9956709956709957,1.0,0.0043290043290042934,0.9956708714385349,0.9999726704272157,0.3675875663757324
segment,4,AdaPrune_gap,0.9696969696969697,0.9924242424242424,0.022727272727272707,0.9697116176597321,0.9986881805063624,5.540969610214233
segment,4,AdaPrune_trend,0.974025974025974,0.9918831168831169,0.017857142857142905,0.9740082087840798,0.9987428396519306,5.327246904373169
segment,4,AdaPrune_data,0.9696969696969697,0.9924242424242424,0.022727272727272707,0.9697116176597321,0.9986881805063624,5.572795867919922
segment,4,AdaPrune_hybrid,0.9696969696969697,0.9924242424242424,0.022727272727272707,0.9697116176597321,0.9986881805063624,5.566110134124756
sonar,0,RF_default,0.8095238095238095,1.0,0.19047619047619047,0.8041456582633053,0.9477272727272726,0.0790407657623291
sonar,0,XGB_default,0.8571428571428571,1.0,0.1428571428571429,0.8571428571428571,0.9363636363636363,0.03400087356567383
sonar,0,XGB_tuned,0.9047619047619048,1.0,0.09523809523809523,0.9047619047619048,0.95,0.02613210678100586
sonar,0,XGB_early_stop,0.9047619047619048,1.0,0.09523809523809523,0.9047619047619048,0.9431818181818181,0.0883793830871582
sonar,0,LGBM_default,0.9047619047619048,1.0,0.09523809523809523,0.9043260324724856,0.9772727272727273,0.017925262451171875
sonar,0,LGBM_early_stop,0.9047619047619048,1.0,0.09523809523809523,0.9043260324724856,0.9795454545454545,0.0340118408203125
sonar,0,AdaPrune_gap,0.7142857142857143,0.9518072289156626,0.2375215146299483,0.7129780974174567,0.8477272727272727,0.4478034973144531
sonar,0,AdaPrune_trend,0.7142857142857143,0.9518072289156626,0.2375215146299483,0.7129780974174567,0.8477272727272727,0.44678354263305664
sonar,0,AdaPrune_data,0.6904761904761905,0.9518072289156626,0.26133103843947214,0.6878063473808156,0.85,0.4177541732788086
sonar,0,AdaPrune_hybrid,0.7142857142857143,0.9518072289156626,0.2375215146299483,0.7103174603174602,0.859090909090909,0.4108710289001465
sonar,1,RF_default,0.8095238095238095,1.0,0.19047619047619047,0.8041456582633053,0.9590909090909091,0.07941389083862305
sonar,1,XGB_default,0.7857142857142857,1.0,0.2142857142857143,0.7853479853479854,0.9090909090909092,0.03506922721862793
sonar,1,XGB_tuned,0.8571428571428571,1.0,0.1428571428571429,0.8564890487087284,0.9727272727272727,0.02913069725036621
sonar,1,XGB_early_stop,0.9285714285714286,1.0,0.0714285714285714,0.9284493284493285,0.9818181818181818,0.09353089332580566
sonar,1,LGBM_default,0.9047619047619048,1.0,0.09523809523809523,0.9047619047619048,0.9886363636363636,0.015274286270141602
sonar,1,LGBM_early_stop,0.9285714285714286,1.0,0.0714285714285714,0.9286119439267483,0.9909090909090909,0.02198338508605957
sonar,1,AdaPrune_gap,0.7619047619047619,0.9578313253012049,0.195926563396443,0.7551820728291316,0.8727272727272727,0.4377889633178711
sonar,1,AdaPrune_trend,0.7619047619047619,0.9578313253012049,0.195926563396443,0.7551820728291316,0.8727272727272727,0.442533016204834
sonar,1,AdaPrune_data,0.7380952380952381,0.963855421686747,0.22576018359150885,0.7282913165266106,0.9113636363636364,0.42615270614624023
sonar,1,AdaPrune_hybrid,0.8095238095238095,0.9578313253012049,0.14830751577739532,0.806878306878307,0.9045454545454545,0.40773487091064453
sonar,2,RF_default,0.7619047619047619,1.0,0.23809523809523814,0.7619047619047619,0.8592677345537757,0.07588720321655273
sonar,2,XGB_default,0.7380952380952381,1.0,0.26190476190476186,0.7373524565810442,0.8627002288329519,0.032465457916259766
sonar,2,XGB_tuned,0.7857142857142857,1.0,0.2142857142857143,0.7851065553844908,0.8443935926773456,0.030828237533569336
sonar,2,XGB_early_stop,0.7142857142857143,0.9939759036144579,0.27969018932874357,0.7142857142857143,0.8043478260869565,0.03448343276977539
sonar,2,LGBM_default,0.7619047619047619,1.0,0.23809523809523814,0.7602813852813852,0.8558352402745996,0.018703222274780273
sonar,2,LGBM_early_stop,0.7142857142857143,1.0,0.2857142857142857,0.7123376623376623,0.8352402745995423,0.010836601257324219
sonar,2,AdaPrune_gap,0.6666666666666666,0.9698795180722891,0.3032128514056225,0.6605644546147978,0.8352402745995423,0.453934907913208
sonar,2,AdaPrune_trend,0.6666666666666666,0.9698795180722891,0.3032128514056225,0.6605644546147978,0.8352402745995423,0.4300422668457031
sonar,2,AdaPrune_data,0.6904761904761905,0.9698795180722891,0.27940332759609865,0.6824666611900655,0.8260869565217391,0.43543195724487305
sonar,2,AdaPrune_hybrid,0.6666666666666666,0.9698795180722891,0.3032128514056225,0.6605644546147978,0.8352402745995423,0.4233856201171875
sonar,3,RF_default,0.9024390243902439,1.0,0.09756097560975607,0.9007651841224295,0.9461722488038278,0.07910847663879395
sonar,3,XGB_default,0.8780487804878049,1.0,0.12195121951219512,0.8750320527324013,0.9641148325358851,0.031445980072021484
sonar,3,XGB_tuned,0.8536585365853658,1.0,0.14634146341463417,0.848719512195122,0.9330143540669856,0.033069610595703125
sonar,3,XGB_early_stop,0.8780487804878049,1.0,0.12195121951219512,0.8750320527324013,0.9449760765550239,0.0954294204711914
sonar,3,LGBM_default,0.9024390243902439,1.0,0.09756097560975607,0.9007651841224295,0.9712918660287081,0.016924142837524414
sonar,3,LGBM_early_stop,0.926829268292683,1.0,0.07317073170731703,0.9260286159092594,0.9808612440191388,0.029054641723632812
sonar,3,AdaPrune_gap,0.8536585365853658,0.9760479041916168,0.12238936760625097,0.8511477761836442,0.9401913875598086,0.43242788314819336
sonar,3,AdaPrune_trend,0.8536585365853658,0.9760479041916168,0.12238936760625097,0.8511477761836442,0.9401913875598086,0.44306278228759766
sonar,3,AdaPrune_data,0.8780487804878049,0.9461077844311377,0.06805900394333286,0.8750320527324013,0.9617224880382775,0.4223344326019287
sonar,3,AdaPrune_hybrid,0.8780487804878049,0.9461077844311377,0.06805900394333286,0.8750320527324013,0.9401913875598086,0.43019819259643555
sonar,4,RF_default,0.8536585365853658,1.0,0.14634146341463417,0.8527748320961471,0.9210526315789473,0.07676124572753906
sonar,4,XGB_default,0.9024390243902439,1.0,0.09756097560975607,0.901849888064098,0.9521531100478469,0.034406185150146484
sonar,4,XGB_tuned,0.9024390243902439,1.0,0.09756097560975607,0.9024390243902439,0.9545454545454546,0.026415109634399414
sonar,4,XGB_early_stop,0.926829268292683,1.0,0.07317073170731703,0.9266534827510439,0.964114832535885,0.10168838500976562
sonar,4,LGBM_default,0.926829268292683,1.0,0.07317073170731703,0.9266534827510439,0.9665071770334928,0.01669454574584961
sonar,4,LGBM_early_stop,0.9512195121951219,1.0,0.04878048780487809,0.9512195121951219,0.9688995215311005,0.0240781307220459
sonar,4,AdaPrune_gap,0.8536585365853658,0.9640718562874252,0.11041331970205936,0.8527748320961471,0.8803827751196173,0.4424476623535156
sonar,4,AdaPrune_trend,0.8536585365853658,0.9640718562874252,0.11041331970205936,0.8527748320961471,0.8803827751196173,0.4668576717376709
sonar,4,AdaPrune_data,0.8048780487804879,0.9640718562874252,0.15919380750693735,0.803699776128196,0.9210526315789473,0.4325411319732666
sonar,4,AdaPrune_hybrid,0.8048780487804879,0.9640718562874252,0.15919380750693735,0.803699776128196,0.9210526315789473,0.43310546875
spambase,0,RF_default,0.9576547231270358,0.9991847826086957,0.04153005948165989,0.9575805672219951,0.9842511132833713,0.1129751205444336
spambase,0,XGB_default,0.9424538545059717,0.9978260869565218,0.05537223245055001,0.9423826552652823,0.9869639701017999,0.09857535362243652
spambase,0,XGB_tuned,0.9435396308360477,0.9798913043478261,0.03635167351177837,0.9433654950648914,0.9867566179882895,0.0817716121673584
spambase,0,XGB_early_stop,0.9489685124864278,0.9934782608695653,0.04450974838313748,0.9488523571340957,0.9872898091373165,0.2463233470916748
spambase,0,LGBM_default,0.9533116178067318,0.9989130434782608,0.04560142567152903,0.953277338905986,0.987850153539303,0.09586071968078613
spambase,0,LGBM_early_stop,0.9522258414766558,0.9940217391304348,0.041795897653779,0.9521788140847576,0.9871096102767657,0.11235857009887695
spambase,0,AdaPrune_gap,0.9370249728555917,0.9616847826086956,0.02465980975310389,0.9367604482803175,0.9793018158120798,3.504567861557007
spambase,0,AdaPrune_trend,0.9370249728555917,0.9616847826086956,0.02465980975310389,0.9367604482803175,0.9793018158120798,3.5295326709747314
spambase,0,AdaPrune_data,0.9370249728555917,0.9616847826086956,0.02465980975310389,0.9367604482803175,0.9793018158120798,3.4831411838531494
spambase,0,AdaPrune_hybrid,0.9370249728555917,0.9616847826086956,0.02465980975310389,0.9367604482803175,0.9793018158120798,3.54459285736084
spambase,1,RF_default,0.9630434782608696,0.9997283346916599,0.036684856430790336,0.9629884834368531,0.9929002774604211,0.11158943176269531
spambase,1,XGB_default,0.9576086956521739,0.9980983428416191,0.040489647189445255,0.9576386865739713,0.9908106691197927,0.08589649200439453
spambase,1,XGB_tuned,0.9554347826086956,0.976093452866069,0.020658670257373335,0.955333662933769,0.9913448175240244,0.09238934516906738
spambase,1,XGB_early_stop,0.9586956521739131,0.9926650366748166,0.03396938450090359,0.9586551254078262,0.9919036950210445,0.24225950241088867
spambase,1,LGBM_default,0.967391304347826,0.9989133387666395,0.031522034418813405,0.9674218888334434,0.9934665736852778,0.11106991767883301
spambase,1,LGBM_early_stop,0.9652173913043478,0.9975550122249389,0.032337620920591115,0.9652500147556727,0.9937484853430668,0.14890003204345703
spambase,1,AdaPrune_gap,0.9391304347826087,0.9581635425156207,0.019033107733012034,0.9389761400736639,0.9857560425538229,3.4838950634002686
spambase,1,AdaPrune_trend,0.9391304347826087,0.9581635425156207,0.019033107733012034,0.9389761400736639,0.9857560425538229,3.508169412612915
spambase,1,AdaPrune_data,0.9391304347826087,0.9581635425156207,0.019033107733012034,0.9389761400736639,0.9857560425538229,3.5437655448913574
spambase,1,AdaPrune_hybrid,0.9391304347826087,0.9581635425156207,0.019033107733012034,0.9389761400736639,0.9857560425538229,3.530745029449463
spambase,2,RF_default,0.9510869565217391,0.9997283346916599,0.04864137816992076,0.9510266335934002,0.9852021108753605,0.10995173454284668
spambase,2,XGB_default,0.9543478260869566,0.9970116816082586,0.04266385552130203,0.9544315044560983,0.9844256173618015,0.09178423881530762
spambase,2,XGB_tuned,0.9532608695652174,0.9790817712578104,0.02582090169259299,0.9532939364789941,0.9828380096047797,0.08095908164978027
spambase,2,XGB_early_stop,0.9565217391304348,0.9885900570497147,0.03206831791927989,0.9565625184445912,0.9841288682483396,0.16776061058044434
spambase,2,LGBM_default,0.9543478260869566,0.9986416734582994,0.04429384737134279,0.9544704220418674,0.9840101686029545,0.0925595760345459
spambase,2,LGBM_early_stop,0.9543478260869566,0.9937516979081771,0.039403871821220515,0.9544704220418674,0.9836540696668001,0.10626912117004395
spambase,2,AdaPrune_gap,0.9347826086956522,0.9619668568323825,0.02718424813673026,0.9347509679485689,0.9785277287317437,3.462085247039795
spambase,2,AdaPrune_trend,0.9347826086956522,0.9619668568323825,0.02718424813673026,0.9347509679485689,0.9785277287317437,3.481332540512085
spambase,2,AdaPrune_data,0.9347826086956522,0.9619668568323825,0.02718424813673026,0.9347509679485689,0.9785277287317437,3.494985342025757
spambase,2,AdaPrune_hybrid,0.9347826086956522,0.9619668568323825,0.02718424813673026,0.9347509679485689,0.9785277287317437,3.5358428955078125
spambase,3,RF_default,0.9532608695652174,0.9997283346916599,0.04646746512644251,0.9531026694760313,0.9855516940929523,0.10535717010498047
spambase,3,XGB_default,0.9532608695652174,0.997826677533279,0.044565807968061644,0.9532262844196366,0.988574031168934,0.09127140045166016
spambase,3,XGB_tuned,0.9456521739130435,0.9793534365661505,0.03370126265310702,0.9456255115669338,0.9875665854769401,0.09302759170532227
spambase,3,XGB_early_stop,0.9543478260869566,0.9894050529747351,0.03505722688777857,0.9542791434783257,0.9897077169844949,0.18214201927185059
spambase,3,LGBM_default,0.9521739130434783,0.9994566693833198,0.04728275633984147,0.9521019598344365,0.9891185964078496,0.1021108627319336
spambase,3,LGBM_early_stop,0.95,0.995653355066558,0.0456533550665581,0.9499503968253968,0.9890146339531476,0.12781548500061035
spambase,3,AdaPrune_gap,0.9445652173913044,0.9616951915240424,0.01712997413273798,0.944377584727386,0.9804278302540643,3.4737460613250732
spambase,3,AdaPrune_trend,0.9445652173913044,0.9616951915240424,0.01712997413273798,0.944377584727386,0.9804278302540643,3.49773907661438
spambase,3,AdaPrune_data,0.9445652173913044,0.9616951915240424,0.01712997413273798,0.944377584727386,0.9804278302540643,3.471518039703369
spambase,3,AdaPrune_hybrid,0.9445652173913044,0.9616951915240424,0.01712997413273798,0.944377584727386,0.9804278302540643,3.4921305179595947
spambase,4,RF_default,0.9445652173913044,0.9991850040749797,0.05461978668367529,0.9442491748192043,0.9818511257648667,0.13923120498657227
spambase,4,XGB_default,0.9489130434782609,0.997826677533279,0.04891363405501814,0.9487114043065263,0.9857620942988969,0.09502339363098145
spambase,4,XGB_tuned,0.9467391304347826,0.9801684324911709,0.03342930205638828,0.9464672265985294,0.9846581120418226,0.0872187614440918
spambase,4,XGB_early_stop,0.95,0.9910350448247759,0.041035044824775935,0.9497299135723433,0.9856581318441948,0.19617414474487305
spambase,4,LGBM_default,0.9554347826086956,0.9983700081499592,0.04293522554126361,0.9552839406631928,0.9864254737717578,0.0935218334197998
spambase,4,LGBM_early_stop,0.9576086956521739,0.9948383591415376,0.03722966348936374,0.9574885725983789,0.9865838927503516,0.12665843963623047
spambase,4,AdaPrune_gap,0.933695652173913,0.9657701711491442,0.03207451897523117,0.9333176404700287,0.9763708192241431,3.496802568435669
spambase,4,AdaPrune_trend,0.933695652173913,0.9657701711491442,0.03207451897523117,0.9333176404700287,0.9763708192241431,3.4907867908477783
spambase,4,AdaPrune_data,0.933695652173913,0.9657701711491442,0.03207451897523117,0.9333176404700287,0.9763708192241431,3.556522846221924
spambase,4,AdaPrune_hybrid,0.933695652173913,0.9657701711491442,0.03207451897523117,0.9333176404700287,0.9763708192241431,3.4847781658172607
tic-tac-toe,0,RF_default,0.96875,1.0,0.03125,0.9683693244739756,0.9982563732563733,0.10158395767211914
tic-tac-toe,0,XGB_default,0.9947916666666666,1.0,0.00520833333333337,0.9948008717011653,1.0,0.03578686714172363
tic-tac-toe,0,XGB_tuned,0.984375,1.0,0.015625,0.9843462420420601,0.9987974987974988,0.024834394454956055
tic-tac-toe,0,XGB_early_stop,0.9895833333333334,1.0,0.01041666666666663,0.9896194029850746,1.0,0.08542346954345703
tic-tac-toe,0,LGBM_default,1.0,1.0,0.0,1.0,1.0,0.03650665283203125
tic-tac-toe,0,LGBM_early_stop,1.0,1.0,0.0,1.0,1.0,0.10515332221984863
tic-tac-toe,0,AdaPrune_gap,0.8958333333333334,0.9386422976501305,0.04280896431679715,0.8929924242424242,0.9689754689754689,0.25647544860839844
tic-tac-toe,0,AdaPrune_trend,0.8958333333333334,0.9386422976501305,0.04280896431679715,0.8929924242424242,0.9689754689754689,0.22553229331970215
tic-tac-toe,0,AdaPrune_data,0.9010416666666666,0.9425587467362925,0.041517080069625845,0.8986130314552367,0.966931216931217,0.23319745063781738
tic-tac-toe,0,AdaPrune_hybrid,0.8958333333333334,0.9386422976501305,0.04280896431679715,0.8929924242424242,0.9689754689754689,0.22891473770141602
tic-tac-toe,1,RF_default,0.984375,1.0,0.015625,0.9842887261261805,1.0,0.09044146537780762
tic-tac-toe,1,XGB_default,1.0,1.0,0.0,1.0,1.0,0.026714086532592773
tic-tac-toe,1,XGB_tuned,1.0,1.0,0.0,1.0,1.0,0.029403209686279297
tic-tac-toe,1,XGB_early_stop,1.0,1.0,0.0,1.0,1.0,0.08469367027282715
tic-tac-toe,1,LGBM_default,1.0,1.0,0.0,1.0,1.0,0.038428306579589844
tic-tac-toe,1,LGBM_early_stop,1.0,1.0,0.0,1.0,1.0,0.11393928527832031
tic-tac-toe,1,AdaPrune_gap,0.90625,0.9399477806788512,0.03369778067885121,0.9047272978959024,0.9822089552238806,0.2549114227294922
tic-tac-toe,1,AdaPrune_trend,0.90625,0.9399477806788512,0.03369778067885121,0.9047272978959024,0.9822089552238806,0.22425580024719238
tic-tac-toe,1,AdaPrune_data,0.90625,0.9399477806788512,0.03369778067885121,0.9047272978959024,0.9822089552238806,0.22201013565063477
tic-tac-toe,1,AdaPrune_hybrid,0.90625,0.9399477806788512,0.03369778067885121,0.9047272978959024,0.9822089552238806,0.22378802299499512
tic-tac-toe,2,RF_default,0.9270833333333334,1.0,0.07291666666666663,0.9247632575757576,0.9933134328358209,0.08732247352600098
tic-tac-toe,2,XGB_default,1.0,1.0,0.0,1.0,1.0,0.0260312557220459
tic-tac-toe,2,XGB_tuned,0.984375,1.0,0.015625,0.9842887261261805,0.9996417910447761,0.03141903877258301
tic-tac-toe,2,XGB_early_stop,1.0,1.0,0.0,1.0,1.0,0.09789395332336426
tic-tac-toe,2,LGBM_default,1.0,1.0,0.0,1.0,1.0,0.04092836380004883
tic-tac-toe,2,LGBM_early_stop,1.0,1.0,0.0,1.0,1.0,0.1105203628540039
tic-tac-toe,2,AdaPrune_gap,0.8541666666666666,0.9412532637075718,0.08708659704090516,0.8422497850775983,0.9607164179104478,0.26072216033935547
tic-tac-toe,2,AdaPrune_trend,0.8541666666666666,0.9412532637075718,0.08708659704090516,0.8422497850775983,0.9607164179104478,0.22948193550109863
tic-tac-toe,2,AdaPrune_data,0.8541666666666666,0.9412532637075718,0.08708659704090516,0.8422497850775983,0.9607164179104478,0.22753572463989258
tic-tac-toe,2,AdaPrune_hybrid,0.8541666666666666,0.9412532637075718,0.08708659704090516,0.8422497850775983,0.9607164179104478,0.2292015552520752
tic-tac-toe,3,RF_default,0.9476439790575916,1.0,0.05235602094240843,0.9467667964111447,0.9930909090909091,0.08793234825134277
tic-tac-toe,3,XGB_default,1.0,1.0,0.0,1.0,1.0,0.025540590286254883
tic-tac-toe,3,XGB_tuned,0.9947643979057592,1.0,0.005235602094240788,0.9947548441779024,1.0,0.03393268585205078
tic-tac-toe,3,XGB_early_stop,0.9947643979057592,1.0,0.005235602094240788,0.9947735673631818,1.0,0.09746742248535156
tic-tac-toe,3,LGBM_default,1.0,1.0,0.0,1.0,1.0,0.03821229934692383
tic-tac-toe,3,LGBM_early_stop,1.0,1.0,0.0,1.0,1.0,0.11281108856201172
tic-tac-toe,3,AdaPrune_gap,0.8952879581151832,0.9374185136897001,0.04213055557451684,0.8930101741019258,0.9859393939393939,0.2791101932525635
tic-tac-toe,3,AdaPrune_trend,0.8952879581151832,0.9374185136897001,0.04213055557451684,0.8930101741019258,0.9859393939393939,0.2329087257385254
tic-tac-toe,3,AdaPrune_data,0.8952879581151832,0.9374185136897001,0.04213055557451684,0.8930101741019258,0.986181818181818,0.23921704292297363
tic-tac-toe,3,AdaPrune_hybrid,0.8952879581151832,0.9374185136897001,0.04213055557451684,0.8930101741019258,0.9859393939393939,0.23007512092590332
tic-tac-toe,4,RF_default,0.9267015706806283,1.0,0.0732984293193717,0.9242968777310777,0.9917575757575757,0.0896756649017334
tic-tac-toe,4,XGB_default,0.9947643979057592,1.0,0.005235602094240788,0.9947548441779024,1.0,0.028225183486938477
tic-tac-toe,4,XGB_tuned,0.9633507853403142,1.0,0.03664921465968585,0.9629886501329311,0.997090909090909,0.028658151626586914
tic-tac-toe,4,XGB_early_stop,1.0,1.0,0.0,1.0,1.0,0.10148477554321289
tic-tac-toe,4,LGBM_default,1.0,1.0,0.0,1.0,1.0,0.03546738624572754
tic-tac-toe,4,LGBM_early_stop,1.0,1.0,0.0,1.0,1.0,0.11092948913574219
tic-tac-toe,4,AdaPrune_gap,0.8848167539267016,0.9413298565840938,0.05651310265739229,0.8779565753002772,0.974969696969697,0.27288031578063965
tic-tac-toe,4,AdaPrune_trend,0.8848167539267016,0.9413298565840938,0.05651310265739229,0.8779565753002772,0.974969696969697,0.22844839096069336
tic-tac-toe,4,AdaPrune_data,0.8848167539267016,0.9413298565840938,0.05651310265739229,0.8779565753002772,0.974969696969697,0.23139023780822754
tic-tac-toe,4,AdaPrune_hybrid,0.8848167539267016,0.9413298565840938,0.05651310265739229,0.8779565753002772,0.974969696969697,0.22397136688232422
vehicle,0,RF_default,0.7352941176470589,1.0,0.2647058823529411,0.7251596876232574,0.9318568889296079,0.09100866317749023
vehicle,0,XGB_default,0.7529411764705882,1.0,0.24705882352941178,0.7488880300245779,0.9248753125316348,0.09800481796264648
vehicle,0,XGB_tuned,0.7705882352941177,1.0,0.22941176470588232,0.7690689593168232,0.9351421456933268,0.11077523231506348
vehicle,0,XGB_early_stop,0.7529411764705882,1.0,0.24705882352941178,0.7476131711425829,0.9284596212803716,0.13984179496765137
vehicle,0,LGBM_default,0.7588235294117647,1.0,0.24117647058823533,0.7572465611319023,0.9263496587813399,0.16876673698425293
vehicle,0,LGBM_early_stop,0.7411764705882353,1.0,0.2588235294117647,0.7369100828135324,0.9266708120760921,0.1084449291229248
vehicle,0,AdaPrune_gap,0.7058823529411765,0.8698224852071006,0.16394013226592408,0.6999335702660511,0.9116545952117976,0.6081900596618652
vehicle,0,AdaPrune_trend,0.7176470588235294,0.9319526627218935,0.21430560389836406,0.7122412268974481,0.9204017993225959,0.705575704574585
vehicle,0,AdaPrune_data,0.7,0.8550295857988166,0.15502958579881665,0.6918747969981367,0.91234181134598,0.6499710083007812
vehicle,0,AdaPrune_hybrid,0.7,0.871301775147929,0.171301775147929,0.693428746114168,0.9126276692788966,0.6204493045806885
vehicle,1,RF_default,0.7455621301775148,1.0,0.2544378698224852,0.7378173866243729,0.9302576948419496,0.08778142929077148
vehicle,1,XGB_default,0.7692307692307693,1.0,0.23076923076923073,0.7652856210184519,0.93936280058016,0.1038353443145752
vehicle,1,XGB_tuned,0.7751479289940828,1.0,0.2248520710059172,0.7708119600791514,0.9417526360876833,0.09603142738342285
vehicle,1,XGB_early_stop,0.7633136094674556,1.0,0.23668639053254437,0.7596777643116847,0.9338050004654882,0.14916348457336426
vehicle,1,LGBM_default,0.7869822485207101,1.0,0.21301775147928992,0.7826432611279781,0.9362238505104986,0.16579437255859375
vehicle,1,LGBM_early_stop,0.7514792899408284,1.0,0.24852071005917165,0.7423954115783568,0.9313618768618557,0.11558842658996582
vehicle,1,AdaPrune_gap,0.727810650887574,0.8670605612998523,0.1392499104122783,0.7123786308291583,0.9262176815073015,0.626150369644165
vehicle,1,AdaPrune_trend,0.7396449704142012,0.8936484490398818,0.15400347862568065,0.7266425630896078,0.9325188008441289,0.691580057144165
vehicle,1,AdaPrune_data,0.727810650887574,0.8419497784342689,0.11413912754669486,0.7121259715170967,0.9271520986256242,0.6195278167724609
vehicle,1,AdaPrune_hybrid,0.7218934911242604,0.8596750369276218,0.13778154580336144,0.7063266445823687,0.9290638816700822,0.5950565338134766
vehicle,2,RF_default,0.6982248520710059,1.0,0.30177514792899407,0.6861610085182452,0.9153090121337696,0.08893942832946777
vehicle,2,XGB_default,0.7396449704142012,1.0,0.2603550295857988,0.7361514534383764,0.9220849993172899,0.10099935531616211
vehicle,2,XGB_tuned,0.757396449704142,1.0,0.242603550295858,0.7505214254491719,0.9227807892528639,0.10159158706665039
vehicle,2,XGB_early_stop,0.7396449704142012,1.0,0.2603550295857988,0.733747790786593,0.9247432031640053,0.15521717071533203
vehicle,2,LGBM_default,0.7100591715976331,1.0,0.2899408284023669,0.7040465046987058,0.9184300221726447,0.15882158279418945
vehicle,2,LGBM_early_stop,0.7100591715976331,0.9985228951255539,0.2884637235279208,0.6999678378344134,0.9200911743057024,0.10657858848571777
vehicle,2,AdaPrune_gap,0.7100591715976331,0.9202363367799113,0.21017716518227825,0.694410003839675,0.9103058896226109,0.7441802024841309
vehicle,2,AdaPrune_trend,0.7100591715976331,0.9202363367799113,0.21017716518227825,0.694410003839675,0.9103058896226109,0.752042293548584
vehicle,2,AdaPrune_data,0.6982248520710059,0.8729689807976366,0.1747441287266307,0.6826884254617365,0.9133931840465725,0.6364872455596924
vehicle,2,AdaPrune_hybrid,0.7100591715976331,0.8921713441654358,0.18211217256780265,0.6935081301441459,0.9115127480538718,0.7183575630187988
vehicle,3,RF_default,0.7455621301775148,1.0,0.2544378698224852,0.739658635431482,0.935448312527743,0.08607673645019531
vehicle,3,XGB_default,0.7751479289940828,1.0,0.2248520710059172,0.7778315029827563,0.9342079367504409,0.09934306144714355
vehicle,3,XGB_tuned,0.7514792899408284,1.0,0.24852071005917165,0.7548257774841697,0.9339170088258025,0.09112834930419922
vehicle,3,XGB_early_stop,0.7396449704142012,1.0,0.2603550295857988,0.7406341769569114,0.9317351740830112,0.12008428573608398
vehicle,3,LGBM_default,0.7751479289940828,1.0,0.2248520710059172,0.7772868052120826,0.93070398847729,0.16154980659484863
vehicle,3,LGBM_early_stop,0.7810650887573964,0.9970457902511078,0.2159807014937114,0.7840183175449352,0.9342035854297627,0.11169099807739258
vehicle,3,AdaPrune_gap,0.7810650887573964,0.9276218611521418,0.1465567723947454,0.7785328109048328,0.9341963360951149,0.7064168453216553
vehicle,3,AdaPrune_trend,0.7810650887573964,0.9276218611521418,0.1465567723947454,0.7785328109048328,0.9341963360951149,0.7224197387695312
vehicle,3,AdaPrune_data,0.7751479289940828,0.9069423929098966,0.13179446391581384,0.7708503824393562,0.9293821442128458,0.684065580368042
vehicle,3,AdaPrune_hybrid,0.7692307692307693,0.9069423929098966,0.13771162367912737,0.7650943153437642,0.9325625785699314,0.7281100749969482
vehicle,4,RF_default,0.7396449704142012,1.0,0.2603550295857988,0.7366324842256076,0.9276745634378771,0.09110140800476074
vehicle,4,XGB_default,0.7159763313609467,1.0,0.28402366863905326,0.7144494506108383,0.918363482671175,0.10054373741149902
vehicle,4,XGB_tuned,0.7218934911242604,1.0,0.2781065088757396,0.7187363244434606,0.9269241606519714,0.1056368350982666
vehicle,4,XGB_early_stop,0.727810650887574,1.0,0.272189349112426,0.7226497876713928,0.9296937382144483,0.13965892791748047
vehicle,4,LGBM_default,0.7396449704142012,1.0,0.2603550295857988,0.7397974154833081,0.9176491463828743,0.15960955619812012
vehicle,4,LGBM_early_stop,0.727810650887574,0.9970457902511078,0.2692351393635338,0.7237636058148879,0.9225538721633396,0.09473419189453125
vehicle,4,AdaPrune_gap,0.7396449704142012,0.8818316100443131,0.1421866396301119,0.7260613612291099,0.9255453396045111,0.6463906764984131
vehicle,4,AdaPrune_trend,0.7396449704142012,0.9172821270310192,0.177637156616818,0.7280902243703781,0.9308533281314346,0.6837468147277832
vehicle,4,AdaPrune_data,0.727810650887574,0.8744460856720827,0.1466354347845087,0.711753147063107,0.9258622797321022,0.6589522361755371
vehicle,4,AdaPrune_hybrid,0.7455621301775148,0.8774002954209749,0.13183816524346004,0.7313812642721669,0.9297810145147424,0.6257503032684326
waveform,0,RF_default,0.866,1.0,0.134,0.8648184676485671,0.9701753224829226,0.15622854232788086
waveform,0,XGB_default,0.854,1.0,0.14600000000000002,0.8528039860776605,0.9670797565802866,0.33963465690612793
waveform,0,XGB_tuned,0.845,0.99925,0.15425,0.8442571547327467,0.9662323187863858,0.31591033935546875
waveform,0,XGB_early_stop,0.853,0.9965,0.14350000000000007,0.8524017594435492,0.9661564407462765,0.4445176124572754
waveform,0,LGBM_default,0.854,1.0,0.14600000000000002,0.8528284631003608,0.9677835529482024,0.21915102005004883
waveform,0,LGBM_early_stop,0.856,0.99975,0.14375000000000004,0.8548914903270184,0.967096331939753,0.2051389217376709
waveform,0,AdaPrune_gap,0.848,0.94475,0.09675,0.8468855934925266,0.9631162998700925,11.652805805206299
waveform,0,AdaPrune_trend,0.848,0.94475,0.09675,0.8468855934925266,0.9631162998700925,11.600016832351685
waveform,0,AdaPrune_data,0.854,0.9325,0.07850000000000001,0.852962299838282,0.9634617026162715,10.895814657211304
waveform,0,AdaPrune_hybrid,0.851,0.938,0.08699999999999997,0.8498903430893595,0.9640338161468391,11.296270370483398
waveform,1,RF_default,0.849,1.0,0.15100000000000002,0.8478362843422538,0.9653252639116447,0.16746068000793457
waveform,1,XGB_default,0.837,1.0,0.16300000000000003,0.8366590909090907,0.9670247010978094,0.3525054454803467
waveform,1,XGB_tuned,0.852,0.99925,0.14725,0.851633046746294,0.9669710035975088,0.3390183448791504
waveform,1,XGB_early_stop,0.854,1.0,0.14600000000000002,0.8537178018995847,0.9677145682954061,0.5327892303466797
waveform,1,LGBM_default,0.843,1.0,0.15700000000000003,0.8425364733366666,0.9678806022565882,0.21640968322753906
waveform,1,LGBM_early_stop,0.851,1.0,0.14900000000000002,0.8506286672861427,0.967016071113534,0.1971144676208496
waveform,1,AdaPrune_gap,0.844,0.94275,0.09875,0.8435792693865903,0.9618742956114862,11.568520307540894
waveform,1,AdaPrune_trend,0.844,0.94275,0.09875,0.8435792693865903,0.9618742956114862,11.638067245483398
waveform,1,AdaPrune_data,0.847,0.93125,0.08425000000000005,0.846574644104217,0.962425696868601,10.823724269866943
waveform,1,AdaPrune_hybrid,0.844,0.94275,0.09875,0.8435792693865903,0.9618742956114862,11.599656343460083
waveform,2,RF_default,0.833,1.0,0.16700000000000004,0.8324648124121131,0.9609429662344934,0.15648627281188965
waveform,2,XGB_default,0.821,1.0,0.17900000000000005,0.8206010883720947,0.9596832581433261,0.3322410583496094
waveform,2,XGB_tuned,0.827,0.99875,0.17175000000000007,0.8266074411004147,0.95966723115621,0.3312697410583496
waveform,2,XGB_early_stop,0.831,0.999,0.16800000000000004,0.8307180509413068,0.9595639182799779,0.47834134101867676
waveform,2,LGBM_default,0.827,1.0,0.17300000000000004,0.826640459011463,0.9618298696254951,0.21686744689941406
waveform,2,LGBM_early_stop,0.832,1.0,0.16800000000000004,0.8316150132042216,0.9621457082988996,0.22348260879516602
waveform,2,AdaPrune_gap,0.823,0.9455,0.12250000000000005,0.8227442407325136,0.9537131512515862,11.674924373626709
waveform,2,AdaPrune_trend,0.823,0.9455,0.12250000000000005,0.8227442407325136,0.9537131512515862,11.65573000907898
waveform,2,AdaPrune_data,0.824,0.94425,0.12025000000000008,0.8237215088712997,0.9534583293819066,11.547405004501343
waveform,2,AdaPrune_hybrid,0.823,0.9455,0.12250000000000005,0.8227442407325136,0.9537131512515862,11.571176767349243
waveform,3,RF_default,0.866,1.0,0.134,0.8656611150465814,0.9691543145064782,0.15386700630187988
waveform,3,XGB_default,0.873,1.0,0.127,0.8729459041484112,0.9702238065562073,0.33033156394958496
waveform,3,XGB_tuned,0.872,0.9995,0.12750000000000006,0.8720105997229696,0.972104155094631,0.30734872817993164
waveform,3,XGB_early_stop,0.88,0.999,0.119,0.8799666874418803,0.9713319875902618,0.4853482246398926
waveform,3,LGBM_default,0.867,1.0,0.133,0.8670798801758873,0.9716470653317618,0.211500883102417
waveform,3,LGBM_early_stop,0.866,1.0,0.134,0.8660405144153744,0.9714512755205723,0.2190554141998291
waveform,3,AdaPrune_gap,0.857,0.93875,0.08174999999999999,0.8567515241960504,0.9678813646196017,11.584357738494873
waveform,3,AdaPrune_trend,0.858,0.937,0.07900000000000007,0.8577695004999696,0.9677566508158002,11.371895790100098
waveform,3,AdaPrune_data,0.859,0.93525,0.07625000000000004,0.858838144322103,0.9672844801502897,11.477636575698853
waveform,3,AdaPrune_hybrid,0.859,0.93775,0.07874999999999999,0.8587664482947289,0.9672580010747881,11.511874675750732
waveform,4,RF_default,0.829,1.0,0.17100000000000004,0.8284999766104384,0.9663899290549541,0.1541903018951416
waveform,4,XGB_default,0.844,1.0,0.15600000000000003,0.8438241997747903,0.9690450011063995,0.36209774017333984
waveform,4,XGB_tuned,0.852,0.99875,0.14675000000000005,0.8518225926350115,0.9695145706040942,0.3421809673309326
waveform,4,XGB_early_stop,0.856,0.99825,0.14225,0.8558710747629416,0.9697135486522247,0.473616361618042
waveform,4,LGBM_default,0.847,1.0,0.15300000000000002,0.8469160913198505,0.9695067490369809,0.21774816513061523
waveform,4,LGBM_early_stop,0.848,1.0,0.15200000000000002,0.8478864806487618,0.9689984420088603,0.22945380210876465
waveform,4,AdaPrune_gap,0.844,0.94875,0.10475000000000001,0.8437383209811086,0.9643763338887911,11.66049838066101
waveform,4,AdaPrune_trend,0.844,0.94875,0.10475000000000001,0.8437383209811086,0.9643763338887911,11.63253116607666
waveform,4,AdaPrune_data,0.843,0.9365,0.09350000000000003,0.8427739541283135,0.9642523313418143,11.016140222549438
waveform,4,AdaPrune_hybrid,0.844,0.94875,0.10475000000000001,0.8437383209811086,0.9643763338887911,11.613667249679565
