dataset,fold,method,accuracy,train_accuracy,gap,f1,roc_auc,train_time
adult,0,RF_default,0.8566895280990889,0.9998208481560157,0.14313132005692675,0.8526998184275492,0.903145983251215,0.24525809288024902
adult,0,XGB_default,0.8696898351929573,0.9004939472269854,0.03080411203402811,0.8660740438603581,0.9239618116555401,0.1603991985321045
adult,0,XGB_tuned,0.8687685535878801,0.8842935019066874,0.015524948318807352,0.8643250166955547,0.9247555698914184,0.06370997428894043
adult,0,LGBM_default,0.8694851059473846,0.8860338341053925,0.016548728158007897,0.8651284369331889,0.9259631725648421,1.5964255332946777
adult,0,AdaPrune_gap,0.8670283550005118,0.8794308089985412,0.012402453998029417,0.8618365565316783,0.91949065131747,13.020252227783203
adult,0,AdaPrune_trend,0.8670283550005118,0.8794308089985412,0.012402453998029417,0.8618365565316783,0.91949065131747,12.992068529129028
adult,0,AdaPrune_data,0.8670283550005118,0.8794308089985412,0.012402453998029417,0.8618365565316783,0.91949065131747,15.123089790344238
adult,0,AdaPrune_hybrid,0.8670283550005118,0.8794308089985412,0.012402453998029417,0.8618365565316783,0.91949065131747,15.20323371887207
adult,1,RF_default,0.8597604667826799,0.999872034397154,0.14011156761447408,0.8554649555919814,0.9083792159610649,0.2589383125305176
adult,1,XGB_default,0.8754222540689938,0.8984720907020193,0.02304983663302551,0.871571316561192,0.9266389362114343,0.07336950302124023
adult,1,XGB_tuned,0.8765482649196438,0.8817341898497684,0.005185924930124597,0.8720328629527175,0.9276487108832109,0.07062315940856934
adult,1,LGBM_default,0.8765482649196438,0.8832185908427814,0.006670325923137654,0.8724391883382915,0.9285758605633188,0.10317587852478027
adult,1,AdaPrune_gap,0.8730678677449074,0.8779975942466665,0.004929726501759046,0.8679213862621863,0.9227082486506313,15.418488264083862
adult,1,AdaPrune_trend,0.8730678677449074,0.8779975942466665,0.004929726501759046,0.8679213862621863,0.9227082486506313,17.12941598892212
adult,1,AdaPrune_data,0.8730678677449074,0.8779975942466665,0.004929726501759046,0.8679213862621863,0.9227082486506313,15.828832864761353
adult,1,AdaPrune_hybrid,0.8730678677449074,0.8779975942466665,0.004929726501759046,0.8679213862621863,0.9227082486506313,13.106659650802612
adult,2,RF_default,0.8612817362817363,0.9999488150688437,0.13866707878710738,0.8568861007922355,0.9099172665228129,0.2458651065826416
adult,2,XGB_default,0.8721334971334971,0.8998054972616062,0.02767200012810911,0.8686302534125684,0.9280602481353628,0.05994272232055664
adult,2,XGB_tuned,0.8726453726453727,0.8830168398423505,0.01037146719697779,0.8679592073137979,0.9279840370806657,0.06326532363891602
adult,2,LGBM_default,0.8713144963144963,0.8853969391411168,0.014082442826620523,0.8670899539330416,0.9287047454755191,0.09950780868530273
adult,2,AdaPrune_gap,0.8696764946764947,0.8786405282284895,0.008964033551994821,0.8642706735141306,0.9239215876637019,16.808128118515015
adult,2,AdaPrune_trend,0.8696764946764947,0.8786405282284895,0.008964033551994821,0.8642706735141306,0.9239215876637019,16.759211778640747
adult,2,AdaPrune_data,0.8696764946764947,0.8786405282284895,0.008964033551994821,0.8642706735141306,0.9239215876637019,17.19617533683777
adult,2,AdaPrune_hybrid,0.8696764946764947,0.8786405282284895,0.008964033551994821,0.8642706735141306,0.9239215876637019,16.08030343055725
adult,3,RF_default,0.857084357084357,0.9998720376721093,0.14278768058775226,0.8523243356655651,0.9055132061636576,0.2869110107421875
adult,3,XGB_default,0.8752047502047502,0.900342939038747,0.025138188833996766,0.871202966362693,0.9306564625045354,0.07670140266418457
adult,3,XGB_tuned,0.8768427518427518,0.8827609151865691,0.005918163343817229,0.8720064501286533,0.9311126923393409,0.07123804092407227
adult,3,LGBM_default,0.8754095004095004,0.8844500179147259,0.009040517505225498,0.8709347199740732,0.9305571894721986,0.10565519332885742
adult,3,AdaPrune_gap,0.8709049959049959,0.8778983467267236,0.006993350821727695,0.8647773845991115,0.9231527399097803,17.460464477539062
adult,3,AdaPrune_trend,0.8709049959049959,0.8778983467267236,0.006993350821727695,0.8647773845991115,0.9231527399097803,17.212371826171875
adult,3,AdaPrune_data,0.8709049959049959,0.8778983467267236,0.006993350821727695,0.8647773845991115,0.9231527399097803,17.553852796554565
adult,3,AdaPrune_hybrid,0.8709049959049959,0.8778983467267236,0.006993350821727695,0.8647773845991115,0.9231527399097803,17.451931715011597
adult,4,RF_default,0.8525798525798526,0.9999232226032656,0.14734337002341302,0.8477824563713046,0.9059941678820991,0.264404296875
adult,4,XGB_default,0.8705978705978706,0.9003941239699033,0.02979625337203262,0.8673237785783618,0.9280704691117201,0.07752227783203125
adult,4,XGB_tuned,0.8748976248976249,0.8830168398423505,0.008119214944725561,0.870318863466858,0.9288758244657006,0.08322620391845703
adult,4,LGBM_default,0.8725429975429976,0.8854993090034294,0.012956311460431857,0.868504203310947,0.9289080709263204,0.1115109920501709
adult,4,AdaPrune_gap,0.8647624897624898,0.8789988227465834,0.014236332984093547,0.8596665001434304,0.9223939115918367,17.523085117340088
adult,4,AdaPrune_trend,0.8647624897624898,0.8789988227465834,0.014236332984093547,0.8596665001434304,0.9223939115918367,17.585713863372803
adult,4,AdaPrune_data,0.8647624897624898,0.8789988227465834,0.014236332984093547,0.8596665001434304,0.9223939115918367,17.86090612411499
adult,4,AdaPrune_hybrid,0.8647624897624898,0.8789988227465834,0.014236332984093547,0.8596665001434304,0.9223939115918367,16.59897541999817
bank-marketing,0,RF_default,0.9052305650779608,0.999944702499447,0.09471413742148616,0.8970599594244382,0.9304990571878036,0.2617151737213135
bank-marketing,0,XGB_default,0.9068893066460245,0.9562596770625967,0.04937037041657222,0.9016226821116843,0.9331390497068581,0.07857155799865723
bank-marketing,0,XGB_tuned,0.9108702864093774,0.9294956867949569,0.01862540038557947,0.9046385650906883,0.9374333728292533,0.08995389938354492
bank-marketing,0,LGBM_default,0.9112020347229901,0.9318458305684583,0.02064379584546816,0.905321520278003,0.9383076491483915,0.11223816871643066
bank-marketing,0,AdaPrune_gap,0.9091009620701095,0.929274496792745,0.0201735347226355,0.9034118132061306,0.9348931657064936,17.508191347122192
bank-marketing,0,AdaPrune_trend,0.9091009620701095,0.929274496792745,0.0201735347226355,0.9034118132061306,0.9348931657064936,17.808270931243896
bank-marketing,0,AdaPrune_data,0.9091009620701095,0.929274496792745,0.0201735347226355,0.9034118132061306,0.9348931657064936,17.47831964492798
bank-marketing,0,AdaPrune_hybrid,0.9091009620701095,0.929274496792745,0.0201735347226355,0.9034118132061306,0.9348931657064936,17.339612245559692
bank-marketing,1,RF_default,0.90278699402787,0.9999723520141558,0.0971853579862858,0.893790651395659,0.9292884778638282,0.26007938385009766
bank-marketing,1,XGB_default,0.9062154390621544,0.9565373662528684,0.050321927190714044,0.900390592142586,0.9327850410152906,0.08689427375793457
bank-marketing,1,XGB_tuned,0.9051094890510949,0.9327048024551411,0.027595313404046196,0.8988980095888485,0.935877167987043,0.07764673233032227
bank-marketing,1,LGBM_default,0.9075425790754258,0.9322900826674777,0.02474750359205191,0.9018001592349077,0.9377252405023848,0.11686038970947266
bank-marketing,1,AdaPrune_gap,0.9037823490378235,0.9297188199839642,0.02593647094614071,0.8969914972763214,0.9294754414764201,17.197673082351685
bank-marketing,1,AdaPrune_trend,0.9037823490378235,0.9297188199839642,0.02593647094614071,0.8969914972763214,0.9294754414764201,17.083035945892334
bank-marketing,1,AdaPrune_data,0.9037823490378235,0.9297188199839642,0.02593647094614071,0.8969914972763214,0.9294754414764201,17.14309334754944
bank-marketing,1,AdaPrune_hybrid,0.9037823490378235,0.9297188199839642,0.02593647094614071,0.8969914972763214,0.9294754414764201,17.0421621799469
bank-marketing,2,RF_default,0.9045565140455651,1.0,0.09544348595443486,0.8961517049278246,0.9242346933943502,0.2595791816711426
bank-marketing,2,XGB_default,0.9030081840300819,0.9563714783378031,0.05336329430772124,0.8982691853503891,0.9261363582552629,0.09061932563781738
bank-marketing,2,XGB_tuned,0.9061048440610484,0.9301335397716276,0.024028695710579195,0.9002021982708469,0.9294811267146769,0.07427167892456055
bank-marketing,2,LGBM_default,0.9059942490599425,0.9327048024551411,0.026710553395198566,0.9014746349650476,0.9324359967572194,0.11481285095214844
bank-marketing,2,AdaPrune_gap,0.9031187790311878,0.9296635240122757,0.026544744981087942,0.8976389704647595,0.9278031488307428,17.13271474838257
bank-marketing,2,AdaPrune_trend,0.9031187790311878,0.9296635240122757,0.026544744981087942,0.8976389704647595,0.9278031488307428,17.237228393554688
bank-marketing,2,AdaPrune_data,0.9031187790311878,0.9296635240122757,0.026544744981087942,0.8976389704647595,0.9278031488307428,17.213435411453247
bank-marketing,2,AdaPrune_hybrid,0.9031187790311878,0.9296635240122757,0.026544744981087942,0.8976389704647595,0.9278031488307428,17.028120279312134
bank-marketing,3,RF_default,0.9095332890953329,0.9999723520141558,0.09043906291882287,0.8996737020694239,0.9307664241526532,0.23874998092651367
bank-marketing,3,XGB_default,0.9103074541030746,0.954684951201305,0.04437749709823047,0.9044686824245929,0.9333376109496878,0.07506990432739258
bank-marketing,3,XGB_tuned,0.913846494138465,0.9303547236583815,0.016508229519916484,0.9068372097708348,0.9376019880024699,0.07007622718811035
bank-marketing,3,LGBM_default,0.9104180491041804,0.930769443446045,0.020351394341864504,0.903156735916468,0.9385092846373276,0.10418701171875
bank-marketing,3,AdaPrune_gap,0.9097544790975448,0.9285852525643506,0.01883077346680584,0.9021668340011921,0.9314904028283411,17.17789387702942
bank-marketing,3,AdaPrune_trend,0.9097544790975448,0.9285852525643506,0.01883077346680584,0.9021668340011921,0.9314904028283411,17.506879568099976
bank-marketing,3,AdaPrune_data,0.9097544790975448,0.9285852525643506,0.01883077346680584,0.9021668340011921,0.9314904028283411,18.186447620391846
bank-marketing,3,AdaPrune_hybrid,0.9097544790975448,0.9285852525643506,0.01883077346680584,0.9021668340011921,0.9314904028283411,17.477080821990967
bank-marketing,4,RF_default,0.90278699402787,1.0,0.09721300597213,0.8934327771091413,0.9234342385148369,0.2602427005767822
bank-marketing,4,XGB_default,0.9045565140455651,0.9573668058281954,0.0528102917826303,0.8996425371359462,0.9279628491387313,0.08231782913208008
bank-marketing,4,XGB_tuned,0.9078743640787437,0.9318200669081257,0.02394570282938202,0.9018772040193412,0.9295315583908839,0.07762265205383301
bank-marketing,4,LGBM_default,0.9064366290643663,0.930658851502668,0.024222222438301744,0.9004244753148245,0.9298054402756363,0.11385655403137207
bank-marketing,4,AdaPrune_gap,0.9035611590356116,0.9289723243661699,0.025411165330558316,0.8967077549970833,0.9251141105462343,16.988298892974854
bank-marketing,4,AdaPrune_trend,0.9035611590356116,0.9289723243661699,0.025411165330558316,0.8967077549970833,0.9251141105462343,17.23334789276123
bank-marketing,4,AdaPrune_data,0.9035611590356116,0.9289723243661699,0.025411165330558316,0.8967077549970833,0.9251141105462343,17.10282063484192
bank-marketing,4,AdaPrune_hybrid,0.9035611590356116,0.9289723243661699,0.025411165330558316,0.8967077549970833,0.9251141105462343,17.536747932434082
credit-default,0,RF_default,0.8165,0.99925,0.18274999999999997,0.7970340105648561,0.7713650245244678,0.339740514755249
credit-default,0,XGB_default,0.8125,0.886125,0.07362500000000005,0.7913446798922885,0.7722713950837596,0.09629583358764648
credit-default,0,XGB_tuned,0.8191666666666667,0.8439583333333334,0.024791666666666656,0.797308584718786,0.7911802657977801,0.08522701263427734
credit-default,0,LGBM_default,0.819,0.842,0.02300000000000002,0.7975640957200778,0.7871346795572702,0.09521603584289551
credit-default,0,AdaPrune_gap,0.8186666666666667,0.8427916666666667,0.024125000000000063,0.7967976188482541,0.7886737446360786,28.922831058502197
credit-default,0,AdaPrune_trend,0.82,0.8419166666666666,0.021916666666666695,0.7983897944720056,0.7889568494440089,28.183850288391113
credit-default,0,AdaPrune_data,0.8186666666666667,0.8427916666666667,0.024125000000000063,0.7967976188482541,0.7886737446360786,28.26502776145935
credit-default,0,AdaPrune_hybrid,0.8186666666666667,0.8420833333333333,0.02341666666666664,0.7968963855421688,0.7885607605937448,28.164921522140503
credit-default,1,RF_default,0.8133333333333334,0.9992916666666667,0.18595833333333334,0.794683288975047,0.7617076147007509,0.33791232109069824
credit-default,1,XGB_default,0.8098333333333333,0.8840416666666666,0.07420833333333332,0.7905965897284907,0.7628799928270455,0.09176158905029297
credit-default,1,XGB_tuned,0.8203333333333334,0.8455416666666666,0.025208333333333277,0.8002722993320392,0.7786600895232454,0.08332252502441406
credit-default,1,LGBM_default,0.8186666666666667,0.8445,0.025833333333333375,0.7984195377302956,0.7749231544034892,0.08890032768249512
credit-default,1,AdaPrune_gap,0.816,0.84375,0.027750000000000052,0.7952616102676504,0.7729071316874134,28.2915096282959
credit-default,1,AdaPrune_trend,0.816,0.84375,0.027750000000000052,0.7952616102676504,0.7729071316874134,28.014273166656494
credit-default,1,AdaPrune_data,0.816,0.84375,0.027750000000000052,0.7952616102676504,0.7729071316874134,28.470529079437256
credit-default,1,AdaPrune_hybrid,0.816,0.84375,0.027750000000000052,0.7952616102676504,0.7729071316874134,28.303828239440918
credit-default,2,RF_default,0.8151666666666667,0.999375,0.1842083333333333,0.7947704365067322,0.7598793821260876,0.32169103622436523
credit-default,2,XGB_default,0.8101666666666667,0.8874583333333333,0.07729166666666665,0.7897108073299302,0.7668851880586434,0.09960699081420898
credit-default,2,XGB_tuned,0.8181666666666667,0.8456666666666667,0.02749999999999997,0.7967517120238775,0.7795730769733165,0.08797717094421387
credit-default,2,LGBM_default,0.8196666666666667,0.8440833333333333,0.024416666666666642,0.7986706691560247,0.7800771834413766,0.089385986328125
credit-default,2,AdaPrune_gap,0.8138333333333333,0.844625,0.03079166666666666,0.7907896568581949,0.7746160300373921,28.171447277069092
credit-default,2,AdaPrune_trend,0.8148333333333333,0.8450416666666667,0.030208333333333393,0.7917080468522077,0.7747776956593466,27.89606499671936
credit-default,2,AdaPrune_data,0.8138333333333333,0.844625,0.03079166666666666,0.7907896568581949,0.7746160300373921,27.998937845230103
credit-default,2,AdaPrune_hybrid,0.8148333333333333,0.8450416666666667,0.030208333333333393,0.7917080468522077,0.7747776956593466,28.383058786392212
credit-default,3,RF_default,0.8211666666666667,0.9995,0.17833333333333334,0.8016186266406002,0.7649960789031442,0.33233046531677246
credit-default,3,XGB_default,0.8183333333333334,0.88675,0.06841666666666668,0.7973763334074188,0.7649289937173757,0.09689998626708984
credit-default,3,XGB_tuned,0.8248333333333333,0.8443333333333334,0.019500000000000073,0.8050443460377847,0.7819695984774242,0.08393669128417969
credit-default,3,LGBM_default,0.8265,0.8407083333333333,0.014208333333333267,0.8061598946109729,0.7841589783442247,0.09428715705871582
credit-default,3,AdaPrune_gap,0.8243333333333334,0.8415,0.017166666666666663,0.8042554270607464,0.7769467564554574,28.332562923431396
credit-default,3,AdaPrune_trend,0.825,0.841375,0.01637500000000003,0.8049052874016234,0.7767085717934854,28.148266315460205
credit-default,3,AdaPrune_data,0.8243333333333334,0.8415,0.017166666666666663,0.8042554270607464,0.7769467564554574,28.34046697616577
credit-default,3,AdaPrune_hybrid,0.8246666666666667,0.84175,0.01708333333333334,0.8046268588879555,0.7769011998088717,28.09892177581787
credit-default,4,RF_default,0.8133333333333334,0.9995,0.1861666666666667,0.7929774607113317,0.7616781036695113,0.3319375514984131
credit-default,4,XGB_default,0.812,0.8894583333333334,0.0774583333333333,0.793681285038141,0.7611136044080127,0.10515689849853516
credit-default,4,XGB_tuned,0.8156666666666667,0.8472083333333333,0.03154166666666669,0.7961346507692312,0.7733772924064246,0.0875706672668457
credit-default,4,LGBM_default,0.8183333333333334,0.844375,0.02604166666666663,0.7987106428484232,0.7763117854964087,0.09674978256225586
credit-default,4,AdaPrune_gap,0.8146666666666667,0.84375,0.02908333333333335,0.7939729098861109,0.7708562762787268,28.934844732284546
credit-default,4,AdaPrune_trend,0.8146666666666667,0.84375,0.02908333333333335,0.7939729098861109,0.7708562762787268,28.561382293701172
credit-default,4,AdaPrune_data,0.8146666666666667,0.84375,0.02908333333333335,0.7939729098861109,0.7708562762787268,28.55045199394226
credit-default,4,AdaPrune_hybrid,0.8146666666666667,0.84375,0.02908333333333335,0.7939729098861109,0.7708562762787268,29.307988166809082
credit-g,0,RF_default,0.775,1.0,0.22499999999999998,0.752232846485237,0.8122619047619047,0.09196043014526367
credit-g,0,XGB_default,0.775,1.0,0.22499999999999998,0.7678993663104134,0.7832142857142858,0.04501748085021973
credit-g,0,XGB_tuned,0.755,0.9725,0.21750000000000003,0.7455519760135243,0.7836904761904762,0.03898262977600098
credit-g,0,LGBM_default,0.76,1.0,0.24,0.7515981735159818,0.7727380952380952,0.05353808403015137
credit-g,0,AdaPrune_gap,0.765,0.9,0.135,0.7503625947879068,0.787142857142857,0.39646363258361816
credit-g,0,AdaPrune_trend,0.765,0.9,0.135,0.7503625947879068,0.7880952380952381,0.482250452041626
credit-g,0,AdaPrune_data,0.735,0.86625,0.13124999999999998,0.7136402300023816,0.7833333333333333,0.46811389923095703
credit-g,0,AdaPrune_hybrid,0.74,0.88625,0.14625,0.7226666666666667,0.7760714285714286,0.4428293704986572
credit-g,1,RF_default,0.77,1.0,0.22999999999999998,0.7566521910777735,0.76375,0.08739924430847168
credit-g,1,XGB_default,0.75,1.0,0.25,0.7394429469901168,0.7670238095238094,0.03853631019592285
credit-g,1,XGB_tuned,0.745,0.97125,0.22624999999999995,0.7351663423814232,0.753452380952381,0.029019832611083984
credit-g,1,LGBM_default,0.755,1.0,0.245,0.7455519760135243,0.7514285714285714,0.047539710998535156
credit-g,1,AdaPrune_gap,0.735,0.8925,0.15749999999999997,0.7247807087493221,0.7551190476190476,0.49314141273498535
credit-g,1,AdaPrune_trend,0.735,0.8925,0.15749999999999997,0.7247807087493221,0.7535714285714286,0.4420163631439209
credit-g,1,AdaPrune_data,0.74,0.86125,0.12124999999999997,0.7290206648697215,0.7492857142857142,0.42154788970947266
credit-g,1,AdaPrune_hybrid,0.745,0.87125,0.12624999999999997,0.7332687651331719,0.7601190476190477,0.4087541103363037
credit-g,2,RF_default,0.745,1.0,0.255,0.7291168581741116,0.7601785714285714,0.08382987976074219
credit-g,2,XGB_default,0.775,1.0,0.22499999999999998,0.7646489104116222,0.7775000000000001,0.04214334487915039
credit-g,2,XGB_tuned,0.72,0.965,0.245,0.7081761006289308,0.7714285714285715,0.03731822967529297
credit-g,2,LGBM_default,0.75,1.0,0.25,0.741248097412481,0.7535714285714286,0.053574562072753906
credit-g,2,AdaPrune_gap,0.72,0.86,0.14,0.7081761006289308,0.7544642857142858,0.44494009017944336
credit-g,2,AdaPrune_trend,0.735,0.8675,0.13250000000000006,0.7184939898672141,0.7564285714285715,0.4225270748138428
credit-g,2,AdaPrune_data,0.74,0.83625,0.09625000000000006,0.7249111725227004,0.7510714285714285,0.4312455654144287
credit-g,2,AdaPrune_hybrid,0.725,0.84375,0.11875000000000002,0.7101761956130888,0.7523809523809523,0.4043588638305664
credit-g,3,RF_default,0.745,1.0,0.255,0.7163341512856075,0.8185119047619048,0.09524250030517578
credit-g,3,XGB_default,0.745,1.0,0.255,0.7386327503974561,0.7867857142857143,0.03946185111999512
credit-g,3,XGB_tuned,0.79,0.96875,0.17874999999999996,0.781132075471698,0.8059523809523809,0.029493093490600586
credit-g,3,LGBM_default,0.79,1.0,0.20999999999999996,0.7795218295218295,0.8124999999999999,0.050023794174194336
credit-g,3,AdaPrune_gap,0.76,0.88625,0.12624999999999997,0.7460718515594158,0.8117857142857143,0.4343299865722656
credit-g,3,AdaPrune_trend,0.765,0.8875,0.12249999999999994,0.7503625947879068,0.8163095238095238,0.4112699031829834
credit-g,3,AdaPrune_data,0.765,0.8525,0.08750000000000002,0.7503625947879068,0.8104761904761905,0.4034695625305176
credit-g,3,AdaPrune_hybrid,0.76,0.885,0.125,0.748024948024948,0.8117857142857143,0.42224788665771484
credit-g,4,RF_default,0.76,1.0,0.24,0.7316129032258064,0.7874404761904762,0.08826231956481934
credit-g,4,XGB_default,0.75,1.0,0.25,0.7375259875259874,0.7869047619047619,0.03547167778015137
credit-g,4,XGB_tuned,0.76,0.96625,0.20625000000000004,0.748024948024948,0.778452380952381,0.030382633209228516
credit-g,4,LGBM_default,0.77,1.0,0.22999999999999998,0.7602875112309075,0.7925,0.05252504348754883
credit-g,4,AdaPrune_gap,0.755,0.87875,0.12375000000000003,0.7417933379098427,0.7601190476190476,0.40482306480407715
credit-g,4,AdaPrune_trend,0.755,0.88125,0.12624999999999997,0.7417933379098427,0.7619047619047619,0.42612195014953613
credit-g,4,AdaPrune_data,0.765,0.87,0.10499999999999998,0.7482734319943622,0.7629761904761905,0.46104860305786133
credit-g,4,AdaPrune_hybrid,0.775,0.865,0.08999999999999997,0.758985200845666,0.7796428571428571,0.5010905265808105
diabetes,0,RF_default,0.7922077922077922,1.0,0.20779220779220775,0.7865535824719498,0.856111111111111,0.1090078353881836
diabetes,0,XGB_default,0.7467532467532467,1.0,0.2532467532467533,0.7450067174205105,0.8049999999999999,0.04178285598754883
diabetes,0,XGB_tuned,0.7532467532467533,0.9755700325732899,0.22232327932653662,0.7509206479794716,0.8355555555555555,0.028670549392700195
diabetes,0,LGBM_default,0.7662337662337663,1.0,0.23376623376623373,0.765185682988784,0.8181481481481482,0.036246538162231445
diabetes,0,AdaPrune_gap,0.7662337662337663,0.8794788273615635,0.1132450611277972,0.7613786213786214,0.8353703703703704,0.4384133815765381
diabetes,0,AdaPrune_trend,0.7662337662337663,0.8794788273615635,0.1132450611277972,0.7613786213786214,0.8353703703703704,0.42740654945373535
diabetes,0,AdaPrune_data,0.7727272727272727,0.8615635179153095,0.08883624518803679,0.7686942607304208,0.8494444444444444,0.3533484935760498
diabetes,0,AdaPrune_hybrid,0.7532467532467533,0.8680781758957655,0.11483142264901225,0.7495827986975903,0.8350000000000001,0.3484957218170166
diabetes,1,RF_default,0.7792207792207793,1.0,0.22077922077922074,0.7746353646353646,0.8404629629629631,0.13771605491638184
diabetes,1,XGB_default,0.7727272727272727,1.0,0.2272727272727273,0.7699825630206876,0.8287037037037037,0.03586149215698242
diabetes,1,XGB_tuned,0.7597402597402597,0.9674267100977199,0.20768645035746014,0.7554767899150163,0.8487037037037037,0.02652454376220703
diabetes,1,LGBM_default,0.7727272727272727,1.0,0.2272727272727273,0.7672901261418008,0.8351851851851851,0.03264760971069336
diabetes,1,AdaPrune_gap,0.7857142857142857,0.9022801302931596,0.11656584457887387,0.7791497113820854,0.8646296296296296,0.36585497856140137
diabetes,1,AdaPrune_trend,0.7857142857142857,0.9022801302931596,0.11656584457887387,0.7791497113820854,0.8646296296296296,0.4032430648803711
diabetes,1,AdaPrune_data,0.7792207792207793,0.8876221498371335,0.10840137061635424,0.7700015236304757,0.8707407407407407,0.3019750118255615
diabetes,1,AdaPrune_hybrid,0.7597402597402597,0.8957654723127035,0.13602521257244382,0.7487456279654329,0.8601851851851852,0.29100799560546875
diabetes,2,RF_default,0.7662337662337663,1.0,0.23376623376623373,0.7613786213786214,0.8239814814814815,0.11198544502258301
diabetes,2,XGB_default,0.7597402597402597,1.0,0.24025974025974028,0.7539924190641895,0.7868518518518519,0.03994488716125488
diabetes,2,XGB_tuned,0.7272727272727273,0.9690553745928339,0.24178264732010657,0.7260499634869146,0.7881481481481482,0.028892040252685547
diabetes,2,LGBM_default,0.7337662337662337,1.0,0.26623376623376627,0.7331844237967826,0.788888888888889,0.032492637634277344
diabetes,2,AdaPrune_gap,0.7662337662337663,0.8469055374592834,0.08067177122551716,0.7613786213786214,0.7998148148148148,0.33924007415771484
diabetes,2,AdaPrune_trend,0.7662337662337663,0.8664495114006515,0.10021574516688525,0.7613786213786214,0.7999999999999999,0.27212023735046387
diabetes,2,AdaPrune_data,0.7597402597402597,0.8355048859934854,0.07576462625322566,0.7539924190641895,0.7975925925925926,0.2710151672363281
diabetes,2,AdaPrune_hybrid,0.7532467532467533,0.8485342019543974,0.09528744870764416,0.7495827986975903,0.8007407407407409,0.28583288192749023
diabetes,3,RF_default,0.738562091503268,1.0,0.261437908496732,0.7329188085490607,0.8011320754716982,0.08936953544616699
diabetes,3,XGB_default,0.7450980392156863,1.0,0.2549019607843137,0.7466649864901019,0.7945283018867925,0.03804969787597656
diabetes,3,XGB_tuned,0.7647058823529411,0.9707317073170731,0.20602582496413202,0.7636082612786166,0.7913207547169812,0.03152775764465332
diabetes,3,LGBM_default,0.7516339869281046,1.0,0.24836601307189543,0.7526792984309324,0.7832075471698114,0.03436589241027832
diabetes,3,AdaPrune_gap,0.7516339869281046,0.9105691056910569,0.1589351187629523,0.7504753869052064,0.8015094339622642,0.4296741485595703
diabetes,3,AdaPrune_trend,0.7450980392156863,0.8845528455284553,0.13945480631276896,0.7403962902684131,0.8026415094339623,0.2865889072418213
diabetes,3,AdaPrune_data,0.7647058823529411,0.8861788617886179,0.12147297943567681,0.76239907727797,0.8083018867924529,0.2856130599975586
diabetes,3,AdaPrune_hybrid,0.7516339869281046,0.9105691056910569,0.1589351187629523,0.7504753869052064,0.8015094339622642,0.31247782707214355
diabetes,4,RF_default,0.7712418300653595,1.0,0.2287581699346405,0.7696007317110529,0.7972641509433962,0.08991122245788574
diabetes,4,XGB_default,0.7124183006535948,1.0,0.2875816993464052,0.7042872704637411,0.7420754716981132,0.037578582763671875
diabetes,4,XGB_tuned,0.7058823529411765,0.975609756097561,0.26972740315638444,0.6985703964415145,0.7503773584905661,0.03561234474182129
diabetes,4,LGBM_default,0.6928104575163399,1.0,0.30718954248366015,0.6889529699024423,0.7609433962264152,0.029285907745361328
diabetes,4,AdaPrune_gap,0.7320261437908496,0.9040650406504065,0.17203889685955687,0.7346260287436759,0.7888679245283019,0.3524899482727051
diabetes,4,AdaPrune_trend,0.738562091503268,0.8894308943089431,0.15086880280567505,0.7406477742612196,0.7881132075471698,0.3223111629486084
diabetes,4,AdaPrune_data,0.7516339869281046,0.8926829268292683,0.14104893990116374,0.7526792984309324,0.789433962264151,0.3160223960876465
diabetes,4,AdaPrune_hybrid,0.7320261437908496,0.9040650406504065,0.17203889685955687,0.7346260287436759,0.7888679245283019,0.2899487018585205
dry-bean,0,RF_default,0.9855072463768116,1.0,0.01449275362318836,0.9853324131585002,0.9964857796665577,0.090545654296875
dry-bean,0,XGB_default,0.9855072463768116,1.0,0.01449275362318836,0.9853324131585002,0.998597036068432,0.028862476348876953
dry-bean,0,XGB_tuned,0.9855072463768116,1.0,0.01449275362318836,0.9853324131585002,0.9988558352402745,0.031610727310180664
dry-bean,0,LGBM_default,0.9855072463768116,1.0,0.01449275362318836,0.9853324131585002,1.0,0.05222129821777344
dry-bean,0,AdaPrune_gap,0.9855072463768116,1.0,0.01449275362318836,0.9853324131585002,0.9819249209981475,0.3502931594848633
dry-bean,0,AdaPrune_trend,0.9855072463768116,1.0,0.01449275362318836,0.9853324131585002,0.9819249209981475,0.2324962615966797
dry-bean,0,AdaPrune_data,0.9855072463768116,1.0,0.01449275362318836,0.9853324131585002,0.9819249209981475,0.23895263671875
dry-bean,0,AdaPrune_hybrid,0.9855072463768116,1.0,0.01449275362318836,0.9853324131585002,0.9819249209981475,0.23404979705810547
dry-bean,1,RF_default,1.0,1.0,0.0,1.0,1.0,0.08408737182617188
dry-bean,1,XGB_default,0.9855072463768116,1.0,0.01449275362318836,0.9853324131585002,0.9993598125749156,0.03824138641357422
dry-bean,1,XGB_tuned,0.9710144927536232,0.9963636363636363,0.02534914361001317,0.9702596618357486,0.9989784243216738,0.033025503158569336
dry-bean,1,LGBM_default,0.9855072463768116,1.0,0.01449275362318836,0.9856568376406818,1.0,0.05126476287841797
dry-bean,1,AdaPrune_gap,0.9855072463768116,0.9963636363636363,0.0108563899868247,0.9856568376406818,1.0,0.3198118209838867
dry-bean,1,AdaPrune_trend,0.9855072463768116,0.9963636363636363,0.0108563899868247,0.9856568376406818,1.0,0.23708200454711914
dry-bean,1,AdaPrune_data,0.9855072463768116,0.9963636363636363,0.0108563899868247,0.9856568376406818,1.0,0.23434853553771973
dry-bean,1,AdaPrune_hybrid,0.9855072463768116,0.9963636363636363,0.0108563899868247,0.9856568376406818,1.0,0.23091983795166016
dry-bean,2,RF_default,1.0,1.0,0.0,1.0,1.0,0.08910012245178223
dry-bean,2,XGB_default,0.9855072463768116,1.0,0.01449275362318836,0.9856343014933212,0.9996283909327388,0.030713796615600586
dry-bean,2,XGB_tuned,0.9855072463768116,0.9963636363636363,0.0108563899868247,0.9856343014933212,0.9996283909327388,0.03283071517944336
dry-bean,2,LGBM_default,0.9565217391304348,1.0,0.04347826086956519,0.9562953651123923,0.9989932772541468,0.050031185150146484
dry-bean,2,AdaPrune_gap,0.9855072463768116,0.9854545454545455,-5.270092226616896e-05,0.9856343014933212,0.9997364953886694,0.3110189437866211
dry-bean,2,AdaPrune_trend,0.9855072463768116,0.9854545454545455,-5.270092226616896e-05,0.9856343014933212,0.9997364953886694,0.2490074634552002
dry-bean,2,AdaPrune_data,0.9855072463768116,0.9854545454545455,-5.270092226616896e-05,0.9856343014933212,0.9997364953886694,0.2206885814666748
dry-bean,2,AdaPrune_hybrid,0.9855072463768116,0.9854545454545455,-5.270092226616896e-05,0.9856343014933212,0.9997364953886694,0.22963333129882812
dry-bean,3,RF_default,0.9565217391304348,1.0,0.04347826086956519,0.9569715776263835,0.9988851727982162,0.08112192153930664
dry-bean,3,XGB_default,0.9565217391304348,1.0,0.04347826086956519,0.9569715776263835,0.995380223641093,0.02714371681213379
dry-bean,3,XGB_tuned,0.9420289855072463,1.0,0.05797101449275366,0.9419956688322505,0.9947451099625014,0.03274655342102051
dry-bean,3,LGBM_default,0.9710144927536232,1.0,0.02898550724637683,0.9707792961442776,0.9981841829667918,0.05221438407897949
dry-bean,3,AdaPrune_gap,0.9420289855072463,0.9890909090909091,0.04706192358366279,0.9423913043478261,0.9978548022026282,0.293093204498291
dry-bean,3,AdaPrune_trend,0.9420289855072463,0.9890909090909091,0.04706192358366279,0.9423913043478261,0.9978548022026282,0.25357890129089355
dry-bean,3,AdaPrune_data,0.9420289855072463,0.9890909090909091,0.04706192358366279,0.9423913043478261,0.9978548022026282,0.23358774185180664
dry-bean,3,AdaPrune_hybrid,0.9420289855072463,0.9890909090909091,0.04706192358366279,0.9423913043478261,0.9978548022026282,0.23243403434753418
dry-bean,4,RF_default,1.0,1.0,0.0,1.0,1.0,0.0803687572479248
dry-bean,4,XGB_default,1.0,1.0,0.0,1.0,1.0,0.029520273208618164
dry-bean,4,XGB_tuned,1.0,1.0,0.0,1.0,1.0,0.034476280212402344
dry-bean,4,LGBM_default,1.0,1.0,0.0,1.0,1.0,0.05713462829589844
dry-bean,4,AdaPrune_gap,1.0,0.9963768115942029,-0.0036231884057971175,1.0,1.0,0.32418370246887207
dry-bean,4,AdaPrune_trend,1.0,0.9963768115942029,-0.0036231884057971175,1.0,1.0,0.2286069393157959
dry-bean,4,AdaPrune_data,1.0,0.9963768115942029,-0.0036231884057971175,1.0,1.0,0.2230982780456543
dry-bean,4,AdaPrune_hybrid,1.0,0.9963768115942029,-0.0036231884057971175,1.0,1.0,0.24146533012390137
eeg-eye-state,0,RF_default,0.9365821094793058,1.0,0.06341789052069424,0.9363985741428538,0.9841793046667819,0.17771077156066895
eeg-eye-state,0,XGB_default,0.9339118825100133,0.9942423230974633,0.06033044058744996,0.9338194841340282,0.9827567414677736,0.060230255126953125
eeg-eye-state,0,XGB_tuned,0.8981975967957276,0.9438417890520694,0.045644192256341753,0.8979774009399463,0.9636808378012222,0.05370497703552246
eeg-eye-state,0,LGBM_default,0.9102136181575434,0.9563584779706275,0.04614485981308403,0.9100764080142438,0.9704015875417964,0.06060051918029785
eeg-eye-state,0,AdaPrune_gap,0.8881842456608812,0.9309078771695594,0.042723631508678195,0.8878995282289303,0.9613680747722818,8.189780473709106
eeg-eye-state,0,AdaPrune_trend,0.8881842456608812,0.9309078771695594,0.042723631508678195,0.8878995282289303,0.9613680747722818,8.220700979232788
eeg-eye-state,0,AdaPrune_data,0.8881842456608812,0.9309078771695594,0.042723631508678195,0.8878995282289303,0.9613680747722818,8.267987489700317
eeg-eye-state,0,AdaPrune_hybrid,0.8881842456608812,0.9309078771695594,0.042723631508678195,0.8878995282289303,0.9613680747722818,8.18873143196106
eeg-eye-state,1,RF_default,0.9259012016021362,1.0,0.07409879839786382,0.9256716464307877,0.9833586904041277,0.16885685920715332
eeg-eye-state,1,XGB_default,0.9355807743658211,0.9924065420560748,0.056825767690253715,0.9355043750447225,0.9825959515161997,0.07129907608032227
eeg-eye-state,1,XGB_tuned,0.8948598130841121,0.9337449933244326,0.038885180240320505,0.8944268296261708,0.9623837087801221,0.06145644187927246
eeg-eye-state,1,LGBM_default,0.914218958611482,0.9546061415220294,0.04038718291054744,0.9139836086122725,0.9716356616799263,0.061456918716430664
eeg-eye-state,1,AdaPrune_gap,0.8958611481975968,0.9322429906542056,0.036381842456608804,0.8954948822392497,0.9588967737518738,8.109800815582275
eeg-eye-state,1,AdaPrune_trend,0.8958611481975968,0.9322429906542056,0.036381842456608804,0.8954948822392497,0.9588967737518738,8.180497884750366
eeg-eye-state,1,AdaPrune_data,0.8958611481975968,0.9322429906542056,0.036381842456608804,0.8954948822392497,0.9588967737518738,8.37858533859253
eeg-eye-state,1,AdaPrune_hybrid,0.8958611481975968,0.9322429906542056,0.036381842456608804,0.8954948822392497,0.9588967737518738,8.161841869354248
eeg-eye-state,2,RF_default,0.9289052069425902,1.0,0.07109479305740984,0.9286970013554959,0.9810607067024828,0.231123685836792
eeg-eye-state,2,XGB_default,0.9332443257676902,0.9939085447263017,0.060664218958611515,0.9331572310314922,0.9831315480760787,0.06858325004577637
eeg-eye-state,2,XGB_tuned,0.8985313751668892,0.9401702269692924,0.04163885180240323,0.8982988168317563,0.9655430188755716,0.06106090545654297
eeg-eye-state,2,LGBM_default,0.9092122830440588,0.9532710280373832,0.044058744993324406,0.9090127770274273,0.9714126168887167,0.06012701988220215
eeg-eye-state,2,AdaPrune_gap,0.8875166889185581,0.9309078771695594,0.0433911882510013,0.8871051451014758,0.9604277232003136,8.4294593334198
eeg-eye-state,2,AdaPrune_trend,0.8875166889185581,0.9309078771695594,0.0433911882510013,0.8871051451014758,0.9604277232003136,8.348855257034302
eeg-eye-state,2,AdaPrune_data,0.8875166889185581,0.9253170894526035,0.03780040053404543,0.887152713899814,0.957562725305605,8.149930715560913
eeg-eye-state,2,AdaPrune_hybrid,0.8875166889185581,0.9253170894526035,0.03780040053404543,0.887152713899814,0.957562725305605,8.115372896194458
eeg-eye-state,3,RF_default,0.9202269692923899,1.0,0.0797730307076101,0.9200093131468298,0.9790173354438787,0.1772773265838623
eeg-eye-state,3,XGB_default,0.9269025367156208,0.9940754339118825,0.06717289719626163,0.9267978131354685,0.9815162152486158,0.06959915161132812
eeg-eye-state,3,XGB_tuned,0.8798397863818425,0.9382510013351135,0.05841121495327106,0.8794818072426325,0.9532242484559318,0.061370849609375
eeg-eye-state,3,LGBM_default,0.8895193591455274,0.9533544726301736,0.06383511348464621,0.8892288177895952,0.960577683008383,0.05925774574279785
eeg-eye-state,3,AdaPrune_gap,0.8785046728971962,0.9311582109479306,0.05265353805073436,0.8780924847218445,0.9523019731198171,8.554588079452515
eeg-eye-state,3,AdaPrune_trend,0.8785046728971962,0.9311582109479306,0.05265353805073436,0.8780924847218445,0.9523019731198171,8.402236223220825
eeg-eye-state,3,AdaPrune_data,0.8785046728971962,0.9311582109479306,0.05265353805073436,0.8780924847218445,0.9523019731198171,8.407413005828857
eeg-eye-state,3,AdaPrune_hybrid,0.8785046728971962,0.9311582109479306,0.05265353805073436,0.8780924847218445,0.9523019731198171,8.387576341629028
eeg-eye-state,4,RF_default,0.9332443257676902,1.0,0.06675567423230977,0.9330849609678828,0.9840232009889243,0.18390941619873047
eeg-eye-state,4,XGB_default,0.9385847797062751,0.9925734312416555,0.05398865153538046,0.9384994269854359,0.9830522900393814,0.06777024269104004
eeg-eye-state,4,XGB_tuned,0.8931909212283045,0.937082777036048,0.043891855807743574,0.8929858640162771,0.9618885929221672,0.05805778503417969
eeg-eye-state,4,LGBM_default,0.9042056074766355,0.9532710280373832,0.0490654205607477,0.9041006137416339,0.9712779682922821,0.06269598007202148
eeg-eye-state,4,AdaPrune_gap,0.8778371161548731,0.9283210947930574,0.05048397863818421,0.8773967165578413,0.9583237825898014,8.45217251777649
eeg-eye-state,4,AdaPrune_trend,0.8778371161548731,0.9283210947930574,0.05048397863818421,0.8773967165578413,0.9583237825898014,8.330119132995605
eeg-eye-state,4,AdaPrune_data,0.8778371161548731,0.9283210947930574,0.05048397863818421,0.8773967165578413,0.9583237825898014,8.362469673156738
eeg-eye-state,4,AdaPrune_hybrid,0.8778371161548731,0.9283210947930574,0.05048397863818421,0.8773967165578413,0.9583237825898014,8.283619165420532
electricity,0,RF_default,0.9129427341939755,0.9999724130320836,0.08702967883810808,0.9127289014754811,0.9715391741398454,0.2595531940460205
electricity,0,XGB_default,0.9099635882158226,0.9398604099423432,0.02989682172652064,0.9099450190392496,0.9708592378055465,0.06199836730957031
electricity,0,XGB_tuned,0.8742138364779874,0.8857623658583685,0.01154852938038109,0.8739177163263269,0.9503756106944026,0.07100057601928711
electricity,0,LGBM_default,0.8843650005516936,0.8949488261745152,0.010583825622821563,0.8842370910569548,0.9558973993537752,0.0820012092590332
electricity,0,AdaPrune_gap,0.8892199051086837,0.9050456564319016,0.01582575132321795,0.8890340543037487,0.9578971432159352,19.435011625289917
electricity,0,AdaPrune_trend,0.8892199051086837,0.9050456564319016,0.01582575132321795,0.8890340543037487,0.9578971432159352,19.600006103515625
electricity,0,AdaPrune_data,0.8892199051086837,0.9050456564319016,0.01582575132321795,0.8890340543037487,0.9578971432159352,21.256497621536255
electricity,0,AdaPrune_hybrid,0.8892199051086837,0.9050456564319016,0.01582575132321795,0.8890340543037487,0.9578971432159352,22.657331466674805
electricity,1,RF_default,0.908529184596712,1.0,0.09147081540328805,0.9083632173217289,0.9709717341428752,0.3289191722869873
electricity,1,XGB_default,0.9153701864724705,0.9431432591243897,0.027773072651919195,0.9153424038047122,0.9715055622773745,0.08660364151000977
electricity,1,XGB_tuned,0.8733311265585347,0.8865623879279428,0.01323126136940811,0.8729807029979368,0.9495163778720825,0.08229231834411621
electricity,1,LGBM_default,0.884033984331899,0.8948384783028497,0.010804493970950735,0.8838861152200713,0.9559652958142892,0.11947059631347656
electricity,1,AdaPrune_gap,0.8936334547059472,0.9104527021435074,0.016819247437560136,0.893450865786387,0.9570596372609796,23.30190086364746
electricity,1,AdaPrune_trend,0.8936334547059472,0.9104527021435074,0.016819247437560136,0.893450865786387,0.9570596372609796,23.48345923423767
electricity,1,AdaPrune_data,0.8936334547059472,0.9104527021435074,0.016819247437560136,0.893450865786387,0.9570596372609796,19.626540660858154
electricity,1,AdaPrune_hybrid,0.8936334547059472,0.9104527021435074,0.016819247437560136,0.893450865786387,0.9570596372609796,19.438996076583862
electricity,2,RF_default,0.9057603178106378,1.0,0.09423968218936218,0.905561107292551,0.9679675687072717,0.2981231212615967
electricity,2,XGB_default,0.9042154049878613,0.9417931034482758,0.03757769846041448,0.9041989515358052,0.9673911336821336,0.07423901557922363
electricity,2,XGB_tuned,0.8669167954094019,0.8908413793103448,0.023924583900942875,0.866823265447697,0.9458546847402104,0.06806230545043945
electricity,2,LGBM_default,0.879938203487089,0.8983448275862069,0.018406624099117974,0.8799134174452607,0.9507597781987482,0.10107541084289551
electricity,2,AdaPrune_gap,0.882696976384904,0.9108689655172414,0.028171989132337427,0.8825649051424465,0.9515739998370061,19.33513569831848
electricity,2,AdaPrune_trend,0.882696976384904,0.9108689655172414,0.028171989132337427,0.8825649051424465,0.9515739998370061,19.184730768203735
electricity,2,AdaPrune_data,0.882696976384904,0.9108689655172414,0.028171989132337427,0.8825649051424465,0.9515739998370061,19.0367591381073
electricity,2,AdaPrune_hybrid,0.882696976384904,0.9108689655172414,0.028171989132337427,0.8825649051424465,0.9515739998370061,18.937013149261475
electricity,3,RF_default,0.9074155815493269,1.0,0.09258441845067311,0.9071495079393175,0.9702664550903308,0.26524972915649414
electricity,3,XGB_default,0.904877510483337,0.9405241379310345,0.03564662744769753,0.9047968102090321,0.9687308485325941,0.0722954273223877
electricity,3,XGB_tuned,0.8717722357095564,0.8889103448275862,0.01713810911802982,0.8714064238733503,0.9487325980997506,0.07372856140136719
electricity,3,LGBM_default,0.8821452218053409,0.8973517241379311,0.015206502332590133,0.8820365823213521,0.9540525782314468,0.08411455154418945
electricity,3,AdaPrune_gap,0.8872213639373207,0.9116689655172414,0.024447601579920764,0.8869510176520257,0.9565233558492491,19.083961486816406
electricity,3,AdaPrune_trend,0.8872213639373207,0.9116689655172414,0.024447601579920764,0.8869510176520257,0.9565233558492491,19.11325168609619
electricity,3,AdaPrune_data,0.8872213639373207,0.9116689655172414,0.024447601579920764,0.8869510176520257,0.9565233558492491,19.348743438720703
electricity,3,AdaPrune_hybrid,0.8872213639373207,0.9116689655172414,0.024447601579920764,0.8869510176520257,0.9565233558492491,19.01498532295227
electricity,4,RF_default,0.905981019642463,0.9999724137931034,0.0939913941506404,0.9058009992947117,0.9700737036317973,0.29284024238586426
electricity,4,XGB_default,0.9012359302582211,0.9397793103448275,0.038543380086606405,0.9011503314776849,0.9678414353827774,0.0724637508392334
electricity,4,XGB_tuned,0.8700066210549547,0.8887448275862069,0.018738206531252133,0.8697370370141358,0.9475291849982841,0.0677955150604248
electricity,4,LGBM_default,0.8807106598984772,0.8985931034482758,0.01788244354979862,0.8805402613233756,0.9542941780037538,0.09865498542785645
electricity,4,AdaPrune_gap,0.8894283822555727,0.9127724137931035,0.02334403153753073,0.8891723343647899,0.9567625381284766,19.2887225151062
electricity,4,AdaPrune_trend,0.8894283822555727,0.9127724137931035,0.02334403153753073,0.8891723343647899,0.9567625381284766,19.15990924835205
electricity,4,AdaPrune_data,0.8894283822555727,0.9127724137931035,0.02334403153753073,0.8891723343647899,0.9567625381284766,19.280601501464844
electricity,4,AdaPrune_hybrid,0.8894283822555727,0.9127724137931035,0.02334403153753073,0.8891723343647899,0.9567625381284766,18.59434723854065
ionosphere,0,RF_default,0.9436619718309859,1.0,0.05633802816901412,0.9431475811390081,0.9914529914529914,0.07908105850219727
ionosphere,0,XGB_default,0.9436619718309859,1.0,0.05633802816901412,0.9425132354410148,0.9965811965811966,0.04287099838256836
ionosphere,0,XGB_tuned,0.9577464788732394,1.0,0.04225352112676062,0.9571345121419763,0.9888888888888889,0.031099796295166016
ionosphere,0,LGBM_default,0.9577464788732394,1.0,0.04225352112676062,0.9575643908701075,0.9905982905982906,0.02805781364440918
ionosphere,0,AdaPrune_gap,0.9154929577464789,0.9892857142857143,0.07379275653923545,0.914721371708512,0.9794871794871796,0.5459206104278564
ionosphere,0,AdaPrune_trend,0.9014084507042254,0.9892857142857143,0.08787726358148895,0.899980528331278,0.9794871794871796,0.5078208446502686
ionosphere,0,AdaPrune_data,0.9154929577464789,0.9892857142857143,0.07379275653923545,0.914721371708512,0.9794871794871796,0.4915957450866699
ionosphere,0,AdaPrune_hybrid,0.9154929577464789,0.9892857142857143,0.07379275653923545,0.914721371708512,0.9794871794871796,0.4849109649658203
ionosphere,1,RF_default,0.9285714285714286,1.0,0.0714285714285714,0.9282350302758465,0.9675555555555556,0.08788537979125977
ionosphere,1,XGB_default,0.9285714285714286,1.0,0.0714285714285714,0.9282350302758465,0.9644444444444444,0.04152202606201172
ionosphere,1,XGB_tuned,0.9285714285714286,1.0,0.0714285714285714,0.9282350302758465,0.9573333333333334,0.03524923324584961
ionosphere,1,LGBM_default,0.9428571428571428,1.0,0.05714285714285716,0.942287784679089,0.959111111111111,0.028052568435668945
ionosphere,1,AdaPrune_gap,0.9428571428571428,0.9928825622775801,0.050025419420437256,0.942287784679089,0.9626666666666667,0.46243739128112793
ionosphere,1,AdaPrune_trend,0.9428571428571428,0.9928825622775801,0.050025419420437256,0.942287784679089,0.9626666666666667,0.5041301250457764
ionosphere,1,AdaPrune_data,0.9285714285714286,0.9893238434163701,0.06075241484494154,0.9282350302758465,0.9648888888888889,0.4162023067474365
ionosphere,1,AdaPrune_hybrid,0.9285714285714286,0.9893238434163701,0.06075241484494154,0.9282350302758465,0.9648888888888889,0.42354393005371094
ionosphere,2,RF_default,0.9285714285714286,1.0,0.0714285714285714,0.9274438670457889,0.987111111111111,0.08811306953430176
ionosphere,2,XGB_default,0.8857142857142857,1.0,0.11428571428571432,0.8814935064935064,0.9546666666666667,0.03752446174621582
ionosphere,2,XGB_tuned,0.8857142857142857,1.0,0.11428571428571432,0.8814935064935064,0.9484444444444444,0.03251814842224121
ionosphere,2,LGBM_default,0.9285714285714286,1.0,0.0714285714285714,0.9274438670457889,0.9608888888888889,0.024759292602539062
ionosphere,2,AdaPrune_gap,0.9,0.9786476868327402,0.07864768683274015,0.8970760233918128,0.9751111111111112,0.4864649772644043
ionosphere,2,AdaPrune_trend,0.9,0.9822064056939501,0.0822064056939501,0.8970760233918128,0.976,0.5215206146240234
ionosphere,2,AdaPrune_data,0.9142857142857143,0.9679715302491103,0.053685815963396055,0.912382714417867,0.9777777777777777,0.4315452575683594
ionosphere,2,AdaPrune_hybrid,0.9142857142857143,0.9679715302491103,0.053685815963396055,0.912382714417867,0.9777777777777777,0.43715882301330566
ionosphere,3,RF_default,0.9714285714285714,1.0,0.02857142857142858,0.9711438923395447,0.984,0.0818023681640625
ionosphere,3,XGB_default,0.9714285714285714,1.0,0.02857142857142858,0.9714285714285714,0.9777777777777777,0.04090285301208496
ionosphere,3,XGB_tuned,0.9714285714285714,0.99644128113879,0.025012709710218628,0.9714285714285714,0.9795555555555555,0.030271053314208984
ionosphere,3,LGBM_default,0.9571428571428572,1.0,0.042857142857142816,0.9564663202274731,0.9795555555555555,0.030103445053100586
ionosphere,3,AdaPrune_gap,0.9142857142857143,0.9786476868327402,0.06436197254702591,0.9134316770186336,0.9164444444444445,0.4827108383178711
ionosphere,3,AdaPrune_trend,0.9142857142857143,0.9786476868327402,0.06436197254702591,0.9134316770186336,0.9164444444444445,0.4855036735534668
ionosphere,3,AdaPrune_data,0.9285714285714286,0.9822064056939501,0.05363497712252152,0.9282350302758465,0.9622222222222223,0.4568319320678711
ionosphere,3,AdaPrune_hybrid,0.9285714285714286,0.9822064056939501,0.05363497712252152,0.9282350302758465,0.9622222222222223,0.4263277053833008
ionosphere,4,RF_default,0.9,1.0,0.09999999999999998,0.9004185944040538,0.9622222222222222,0.09401440620422363
ionosphere,4,XGB_default,0.8714285714285714,1.0,0.12857142857142856,0.8719667642337833,0.9333333333333333,0.03675079345703125
ionosphere,4,XGB_tuned,0.8857142857142857,1.0,0.11428571428571432,0.884575569358178,0.9377777777777778,0.0325162410736084
ionosphere,4,LGBM_default,0.9285714285714286,1.0,0.0714285714285714,0.9282350302758465,0.9502222222222222,0.025287151336669922
ionosphere,4,AdaPrune_gap,0.9142857142857143,0.9750889679715302,0.06080325368581596,0.9134316770186336,0.9275555555555556,0.4268217086791992
ionosphere,4,AdaPrune_trend,0.9,0.9750889679715302,0.0750889679715302,0.8995290423861851,0.9124444444444445,0.5170774459838867
ionosphere,4,AdaPrune_data,0.9142857142857143,0.9750889679715302,0.06080325368581596,0.9134316770186336,0.931111111111111,0.4245331287384033
ionosphere,4,AdaPrune_hybrid,0.9142857142857143,0.9750889679715302,0.06080325368581596,0.9134316770186336,0.931111111111111,0.4665541648864746
kc1,0,RF_default,0.8649289099526066,0.988737403675163,0.12380849372255642,0.8432032599548211,0.8284205990088344,0.0969240665435791
kc1,0,XGB_default,0.8625592417061612,0.9851807943094251,0.1226215526032639,0.8462880457557251,0.7596423184658478,0.05472207069396973
kc1,0,XGB_tuned,0.8601895734597157,0.9359810314167161,0.07579145795700037,0.8394955696141678,0.8062486533074769,0.04471135139465332
kc1,0,LGBM_default,0.8578199052132701,0.980438648488441,0.12261874327517086,0.8358735458853942,0.7675285498814911,0.06959366798400879
kc1,0,AdaPrune_gap,0.8601895734597157,0.9306461173681091,0.0704565439083934,0.8377016199532362,0.8184227537168715,1.0943994522094727
kc1,0,AdaPrune_trend,0.8578199052132701,0.9300533491404861,0.07223344392721598,0.8320489409928493,0.8153630683042448,1.1790311336517334
kc1,0,AdaPrune_data,0.8601895734597157,0.9306461173681091,0.0704565439083934,0.8377016199532362,0.8166127989657401,1.1200437545776367
kc1,0,AdaPrune_hybrid,0.8601895734597157,0.9306461173681091,0.0704565439083934,0.8377016199532362,0.8184227537168715,1.1540522575378418
kc1,1,RF_default,0.8507109004739336,0.990515708358032,0.13980480788409844,0.8246911675224452,0.8273432449903038,0.09902262687683105
kc1,1,XGB_default,0.8530805687203792,0.9875518672199171,0.13447129849953787,0.830402664081574,0.7879336349924585,0.051802635192871094
kc1,1,XGB_tuned,0.8412322274881516,0.941908713692946,0.10067648620479441,0.80650577001031,0.809222150398621,0.04256558418273926
kc1,1,LGBM_default,0.8507109004739336,0.9851807943094251,0.13446989383549146,0.832191755084115,0.7680241327300151,0.06461906433105469
kc1,1,AdaPrune_gap,0.8436018957345972,0.9264967397747481,0.0828948440401509,0.8055117058047964,0.7867700926524456,0.9933857917785645
kc1,1,AdaPrune_trend,0.8436018957345972,0.921161825726141,0.07755992999154382,0.8055117058047964,0.7864037922861452,0.9683029651641846
kc1,1,AdaPrune_data,0.8436018957345972,0.9264967397747481,0.0828948440401509,0.8055117058047964,0.7867700926524456,1.0379257202148438
kc1,1,AdaPrune_hybrid,0.8436018957345972,0.9264967397747481,0.0828948440401509,0.8055117058047964,0.7867700926524456,1.0241096019744873
kc1,2,RF_default,0.8672985781990521,0.9875518672199171,0.12025328902086496,0.851588457971045,0.8329239388062917,0.0882265567779541
kc1,2,XGB_default,0.8625592417061612,0.9869590989922941,0.1243998572861329,0.8492347196565053,0.7979961215255333,0.057179927825927734
kc1,2,XGB_tuned,0.8672985781990521,0.9312388855957321,0.06394030739668,0.8450725017646465,0.8280327515621634,0.041831016540527344
kc1,2,LGBM_default,0.8672985781990521,0.983402489626556,0.11610391142750387,0.8500687968200581,0.8114414996767937,0.06534481048583984
kc1,2,AdaPrune_gap,0.8507109004739336,0.921161825726141,0.07045092525220742,0.8286139133168232,0.828873087696617,1.0037574768066406
kc1,2,AdaPrune_trend,0.8530805687203792,0.915826911677534,0.06274634295715487,0.830402664081574,0.824628312863607,0.9670357704162598
kc1,2,AdaPrune_data,0.8507109004739336,0.921161825726141,0.07045092525220742,0.8286139133168232,0.828873087696617,1.0790963172912598
kc1,2,AdaPrune_hybrid,0.8507109004739336,0.921161825726141,0.07045092525220742,0.8286139133168232,0.828873087696617,1.0163273811340332
kc1,3,RF_default,0.8625592417061612,0.98814463544754,0.1255853937413789,0.8451258174735512,0.8463568266939054,0.08860611915588379
kc1,3,XGB_default,0.8507109004739336,0.9869590989922941,0.13624819851836045,0.8358026254670508,0.7973272046305754,0.052361488342285156
kc1,3,XGB_tuned,0.8767772511848341,0.9365737996443391,0.059796548459504995,0.8582099014974145,0.8204162410623086,0.0459742546081543
kc1,3,LGBM_default,0.8436018957345972,0.981031416716064,0.13742952098146677,0.8331828727828141,0.7839419475655431,0.0670003890991211
kc1,3,AdaPrune_gap,0.8554502369668247,0.9270895080023711,0.07163927103554646,0.8288947051386003,0.8078609124957439,0.9710214138031006
kc1,3,AdaPrune_trend,0.8601895734597157,0.9264967397747481,0.06630716631503242,0.8345047148061872,0.8138619339462037,1.002988338470459
kc1,3,AdaPrune_data,0.8554502369668247,0.9270895080023711,0.07163927103554646,0.8288947051386003,0.8078609124957439,1.000054121017456
kc1,3,AdaPrune_hybrid,0.8554502369668247,0.9270895080023711,0.07163927103554646,0.8288947051386003,0.8078609124957439,1.0276525020599365
kc1,4,RF_default,0.8598574821852731,0.9917061611374408,0.13184867895216767,0.8455507574875109,0.7882022471910113,0.09462213516235352
kc1,4,XGB_default,0.850356294536817,0.9887440758293838,0.1383877812925668,0.838084675349679,0.7501512532411408,0.04474806785583496
kc1,4,XGB_tuned,0.850356294536817,0.9389810426540285,0.08862474811721144,0.8318010429140655,0.7774848746758859,0.036878347396850586
kc1,4,LGBM_default,0.831353919239905,0.9828199052132701,0.15146598597336514,0.8206345330172959,0.748941227312014,0.06512808799743652
kc1,4,AdaPrune_gap,0.8432304038004751,0.9407582938388626,0.09752789003838747,0.8280389283689173,0.7493301642178047,1.1456115245819092
kc1,4,AdaPrune_trend,0.8551068883610451,0.9342417061611374,0.07913481780009235,0.8387629407996323,0.7538893690579084,1.0786116123199463
kc1,4,AdaPrune_data,0.8527315914489311,0.9377962085308057,0.08506461708187463,0.8369171993382641,0.7532411408815903,1.1342990398406982
kc1,4,AdaPrune_hybrid,0.8456057007125891,0.9407582938388626,0.09515259312627344,0.8314276140007361,0.7507562662057045,1.1953444480895996
letter,0,RF_default,0.96125,1.0,0.03874999999999995,0.9613305279761944,0.9995457461689631,0.19135189056396484
letter,0,XGB_default,0.9625,1.0,0.03749999999999998,0.9625556136531568,0.999504473324372,1.1547346115112305
letter,0,XGB_tuned,0.9435,0.99075,0.047250000000000014,0.9436035148999978,0.9990296034490939,1.1170108318328857
letter,0,LGBM_default,0.96525,1.0,0.03474999999999995,0.9654059064555397,0.9996618209095912,1.9255163669586182
letter,0,AdaPrune_gap,0.8475,0.8828125,0.03531249999999997,0.8484268883823036,0.9929513058639938,67.93061780929565
letter,0,AdaPrune_trend,0.8475,0.8828125,0.03531249999999997,0.8484268883823036,0.9929513058639938,68.23176980018616
letter,0,AdaPrune_data,0.8475,0.8828125,0.03531249999999997,0.8484268883823036,0.9929513058639938,69.18509912490845
letter,0,AdaPrune_hybrid,0.8475,0.8828125,0.03531249999999997,0.8484268883823036,0.9929513058639938,69.39509153366089
letter,1,RF_default,0.959,1.0,0.041000000000000036,0.9590276190600038,0.9994398136418122,0.19994139671325684
letter,1,XGB_default,0.96075,1.0,0.03925000000000001,0.9607795640224452,0.9995772174715821,0.9729065895080566
letter,1,XGB_tuned,0.94125,0.9908125,0.049562499999999954,0.9413433158453929,0.9990194994821242,0.9654312133789062
letter,1,LGBM_default,0.964,1.0,0.03600000000000003,0.9640977033085836,0.9995707002092965,1.6165788173675537
letter,1,AdaPrune_gap,0.83725,0.8844375,0.04718749999999994,0.8379602135735233,0.991954910765383,66.78689193725586
letter,1,AdaPrune_trend,0.83725,0.8844375,0.04718749999999994,0.8379602135735233,0.991954910765383,68.00331163406372
letter,1,AdaPrune_data,0.83725,0.8844375,0.04718749999999994,0.8379602135735233,0.991954910765383,68.89525532722473
letter,1,AdaPrune_hybrid,0.83725,0.8844375,0.04718749999999994,0.8379602135735233,0.991954910765383,68.62866497039795
letter,2,RF_default,0.961,1.0,0.039000000000000035,0.9610451285599645,0.9995446719062213,0.19641685485839844
letter,2,XGB_default,0.96,1.0,0.040000000000000036,0.9600240818785301,0.9996491948517823,1.0319547653198242
letter,2,XGB_tuned,0.944,0.9910625,0.04706250000000001,0.944056116206033,0.9991147830495213,1.0641660690307617
letter,2,LGBM_default,0.96525,1.0,0.03474999999999995,0.9653016972705468,0.9995970976794287,1.68617844581604
letter,2,AdaPrune_gap,0.856,0.889,0.03300000000000003,0.8562651562415929,0.9932422620776479,69.76515197753906
letter,2,AdaPrune_trend,0.856,0.889,0.03300000000000003,0.8562651562415929,0.9932422620776479,65.85660696029663
letter,2,AdaPrune_data,0.856,0.889,0.03300000000000003,0.8562651562415929,0.9932422620776479,61.74288630485535
letter,2,AdaPrune_hybrid,0.856,0.889,0.03300000000000003,0.8562651562415929,0.9932422620776479,62.715004205703735
letter,3,RF_default,0.96725,1.0,0.032749999999999946,0.9672540888991411,0.9994906060429375,0.18605637550354004
letter,3,XGB_default,0.964,1.0,0.03600000000000003,0.9640140803542879,0.9996793540011583,0.9856855869293213
letter,3,XGB_tuned,0.94975,0.9906875,0.04093750000000007,0.949851341721759,0.9993267475962921,0.9891679286956787
letter,3,LGBM_default,0.96825,1.0,0.031749999999999945,0.9683139816129723,0.9997368415294254,1.6879189014434814
letter,3,AdaPrune_gap,0.85725,0.881625,0.024375000000000036,0.8576672180823455,0.9938619478209159,60.29919385910034
letter,3,AdaPrune_trend,0.85725,0.881625,0.024375000000000036,0.8576672180823455,0.9938619478209159,59.90252375602722
letter,3,AdaPrune_data,0.85725,0.881625,0.024375000000000036,0.8576672180823455,0.9938619478209159,59.79747033119202
letter,3,AdaPrune_hybrid,0.85725,0.881625,0.024375000000000036,0.8576672180823455,0.9938619478209159,63.249043226242065
letter,4,RF_default,0.966,1.0,0.03400000000000003,0.9660264700162932,0.999622122568584,0.18670177459716797
letter,4,XGB_default,0.96425,1.0,0.03574999999999995,0.964279781644384,0.9996697465499286,1.0278215408325195
letter,4,XGB_tuned,0.94575,0.99075,0.04500000000000004,0.9457651038805533,0.9993117974723295,1.054816722869873
letter,4,LGBM_default,0.96875,1.0,0.03125,0.9687415058546541,0.9997322474168187,1.8774845600128174
letter,4,AdaPrune_gap,0.853,0.8805,0.02749999999999997,0.8533905758279288,0.9927548681956704,62.635262966156006
letter,4,AdaPrune_trend,0.853,0.8805,0.02749999999999997,0.8533905758279288,0.9927548681956704,62.747445821762085
letter,4,AdaPrune_data,0.853,0.8805,0.02749999999999997,0.8533905758279288,0.9927548681956704,61.266735792160034
letter,4,AdaPrune_hybrid,0.853,0.8805,0.02749999999999997,0.8533905758279288,0.9927548681956704,60.579397201538086
magic,0,RF_default,0.8845951629863302,1.0,0.11540483701366977,0.8828286879033923,0.9390502122406187,0.2687084674835205
magic,0,XGB_default,0.8851209253417456,0.9677313354363828,0.08261041009463721,0.8833888818301372,0.9339132949852035,0.0754704475402832
magic,0,XGB_tuned,0.8811777076761304,0.921267087276551,0.040089379600420694,0.8787778364192469,0.9333757582133525,0.0642845630645752
magic,0,LGBM_default,0.8796004206098843,0.92448738170347,0.0448869610935857,0.8773453942703131,0.936394816969184,0.06227874755859375
magic,0,AdaPrune_gap,0.8719768664563617,0.9052970557308097,0.03332018927444791,0.8690200860190822,0.9279397546491777,14.34990406036377
magic,0,AdaPrune_trend,0.8719768664563617,0.9052970557308097,0.03332018927444791,0.8690200860190822,0.9279397546491777,14.1918466091156
magic,0,AdaPrune_data,0.8719768664563617,0.9052970557308097,0.03332018927444791,0.8690200860190822,0.9279397546491777,14.14211392402649
magic,0,AdaPrune_hybrid,0.8719768664563617,0.9052970557308097,0.03332018927444791,0.8690200860190822,0.9279397546491777,14.397929668426514
magic,1,RF_default,0.882229232386961,0.999934279705573,0.11770504731861198,0.879966224840327,0.9355974555986442,0.3005383014678955
magic,1,XGB_default,0.8774973711882229,0.9679284963196635,0.09043112513144058,0.8755514765264923,0.9365594432901738,0.07839798927307129
magic,1,XGB_tuned,0.880651945320715,0.9153522607781283,0.034700315457413256,0.8780324981231956,0.9345114676027223,0.07549571990966797
magic,1,LGBM_default,0.8777602523659306,0.9214642481598317,0.04370399579390116,0.8756319699564655,0.9359485371450644,0.062189340591430664
magic,1,AdaPrune_gap,0.8719768664563617,0.9043112513144059,0.032334384858044185,0.8691832070819008,0.9286473749681283,14.256393432617188
magic,1,AdaPrune_trend,0.8719768664563617,0.9043112513144059,0.032334384858044185,0.8691832070819008,0.9286473749681283,14.592571020126343
magic,1,AdaPrune_data,0.8719768664563617,0.9043112513144059,0.032334384858044185,0.8691832070819008,0.9286473749681283,14.610127687454224
magic,1,AdaPrune_hybrid,0.8719768664563617,0.9043112513144059,0.032334384858044185,0.8691832070819008,0.9286473749681283,14.321142435073853
magic,2,RF_default,0.8838065194532071,1.0,0.1161934805467929,0.8816904417741754,0.9404377864821059,0.2673964500427246
magic,2,XGB_default,0.8877497371188223,0.9662197686645636,0.07847003154574128,0.8861372937740737,0.9395815982261598,0.06991720199584961
magic,2,XGB_tuned,0.8840694006309149,0.9163380651945321,0.03226866456361721,0.881718130888952,0.9400616698004672,0.07523870468139648
magic,2,LGBM_default,0.8898527865404837,0.9200184016824395,0.030165615141955815,0.8877000517341481,0.9385147725054767,0.06480741500854492
magic,2,AdaPrune_gap,0.8767087276550999,0.9070057833859095,0.030297055730809652,0.8738349885442699,0.9316555680422658,14.415926218032837
magic,2,AdaPrune_trend,0.8767087276550999,0.9070057833859095,0.030297055730809652,0.8738349885442699,0.9316555680422658,14.42695689201355
magic,2,AdaPrune_data,0.8767087276550999,0.9070057833859095,0.030297055730809652,0.8738349885442699,0.9316555680422658,14.344916343688965
magic,2,AdaPrune_hybrid,0.8767087276550999,0.9070057833859095,0.030297055730809652,0.8738349885442699,0.9316555680422658,14.39835500717163
magic,3,RF_default,0.870925341745531,0.999934279705573,0.12900893796004198,0.8685591759115776,0.9294516030874905,0.26358938217163086
magic,3,XGB_default,0.8761829652996845,0.9672712933753943,0.09108832807570977,0.8743198214016873,0.9299659221920359,0.07406830787658691
magic,3,XGB_tuned,0.8719768664563617,0.919689800210305,0.047712933753943254,0.8694119218503009,0.930548433281568,0.07349109649658203
magic,3,LGBM_default,0.8793375394321766,0.922910094637224,0.043572555205047325,0.8772121477288705,0.9308909085839465,0.06322789192199707
magic,3,AdaPrune_gap,0.8680336487907466,0.9049684542586751,0.03693480546792849,0.86547060155307,0.9261723262983452,14.410068035125732
magic,3,AdaPrune_trend,0.8680336487907466,0.9049684542586751,0.03693480546792849,0.86547060155307,0.9261723262983452,14.280544519424438
magic,3,AdaPrune_data,0.8680336487907466,0.9049684542586751,0.03693480546792849,0.86547060155307,0.9261723262983452,14.139719009399414
magic,3,AdaPrune_hybrid,0.8680336487907466,0.9049684542586751,0.03693480546792849,0.86547060155307,0.9261723262983452,14.16683030128479
magic,4,RF_default,0.879074658254469,1.0,0.12092534174553105,0.8775134853836373,0.9362530716700793,0.251920223236084
magic,4,XGB_default,0.8840694006309149,0.9611593059936908,0.07708990536277593,0.8825855185414431,0.9364359777275886,0.06519699096679688
magic,4,XGB_tuned,0.879074658254469,0.9175867507886435,0.038512092534174536,0.8771013368154242,0.9343783982339184,0.0681450366973877
magic,4,LGBM_default,0.879863301787592,0.9217271293375394,0.04186382754994744,0.8780279976462435,0.9370494025169814,0.06337904930114746
magic,4,AdaPrune_gap,0.8717139852786541,0.9064143007360673,0.034700315457413256,0.8695604691660778,0.9275626851033548,14.407901048660278
magic,4,AdaPrune_trend,0.8717139852786541,0.9064143007360673,0.034700315457413256,0.8695604691660778,0.9275626851033548,14.298949003219604
magic,4,AdaPrune_data,0.8717139852786541,0.9064143007360673,0.034700315457413256,0.8695604691660778,0.9275626851033548,14.269581079483032
magic,4,AdaPrune_hybrid,0.8717139852786541,0.9064143007360673,0.034700315457413256,0.8695604691660778,0.9275626851033548,14.259056329727173
mushroom,0,RF_default,1.0,1.0,0.0,1.0,1.0,0.09907126426696777
mushroom,0,XGB_default,1.0,1.0,0.0,1.0,1.0,0.027880430221557617
mushroom,0,XGB_tuned,1.0,1.0,0.0,1.0,1.0,0.026983261108398438
mushroom,0,LGBM_default,1.0,1.0,0.0,1.0,1.0,0.04453444480895996
mushroom,0,AdaPrune_gap,0.9993846153846154,0.998307431912602,-0.0010771834720134654,0.9993846284506561,0.9999833167511951,1.4084134101867676
mushroom,0,AdaPrune_trend,0.9993846153846154,0.998307431912602,-0.0010771834720134654,0.9993846284506561,0.9999833167511951,1.446528673171997
mushroom,0,AdaPrune_data,0.9993846153846154,0.998307431912602,-0.0010771834720134654,0.9993846284506561,0.9999833167511951,1.4557011127471924
mushroom,0,AdaPrune_hybrid,0.9993846153846154,0.998307431912602,-0.0010771834720134654,0.9993846284506561,0.9999833167511951,1.493706464767456
mushroom,1,RF_default,1.0,1.0,0.0,1.0,1.0,0.10590887069702148
mushroom,1,XGB_default,1.0,1.0,0.0,1.0,1.0,0.029433250427246094
mushroom,1,XGB_tuned,1.0,1.0,0.0,1.0,0.9999999999999999,0.03327798843383789
mushroom,1,LGBM_default,1.0,1.0,0.0,1.0,1.0,0.04904508590698242
mushroom,1,AdaPrune_gap,0.9975384615384615,0.9987690413909832,0.0012305798525217293,0.9975386668533166,0.9999696641518249,1.4006807804107666
mushroom,1,AdaPrune_trend,0.9975384615384615,0.9987690413909832,0.0012305798525217293,0.9975386668533166,0.9999696641518249,1.4460184574127197
mushroom,1,AdaPrune_data,0.9975384615384615,0.9987690413909832,0.0012305798525217293,0.9975386668533166,0.9999696641518249,1.4135675430297852
mushroom,1,AdaPrune_hybrid,0.9975384615384615,0.9987690413909832,0.0012305798525217293,0.9975386668533166,0.9999696641518249,1.4121451377868652
mushroom,2,RF_default,1.0,1.0,0.0,1.0,1.0,0.10236263275146484
mushroom,2,XGB_default,1.0,1.0,0.0,1.0,1.0,0.025728464126586914
mushroom,2,XGB_tuned,1.0,1.0,0.0,1.0,1.0,0.028267860412597656
mushroom,2,LGBM_default,1.0,1.0,0.0,1.0,1.0,0.05171990394592285
mushroom,2,AdaPrune_gap,0.9975384615384615,0.9987690413909832,0.0012305798525217293,0.9975386668533166,0.9999635969821898,1.4266026020050049
mushroom,2,AdaPrune_trend,0.9975384615384615,0.9987690413909832,0.0012305798525217293,0.9975386668533166,0.9999635969821898,1.4006083011627197
mushroom,2,AdaPrune_data,0.9975384615384615,0.9987690413909832,0.0012305798525217293,0.9975386668533166,0.9999635969821898,1.438119649887085
mushroom,2,AdaPrune_hybrid,0.9975384615384615,0.9987690413909832,0.0012305798525217293,0.9975386668533166,0.9999635969821898,1.4167039394378662
mushroom,3,RF_default,1.0,1.0,0.0,1.0,1.0,0.09681153297424316
mushroom,3,XGB_default,1.0,1.0,0.0,1.0,1.0,0.025648117065429688
mushroom,3,XGB_tuned,1.0,1.0,0.0,1.0,1.0,0.026632308959960938
mushroom,3,LGBM_default,1.0,1.0,0.0,1.0,1.0,0.053879737854003906
mushroom,3,AdaPrune_gap,0.9987692307692307,0.998461301738729,-0.00030792903050169684,0.9987692839689611,0.9999999999999999,1.4158942699432373
mushroom,3,AdaPrune_trend,0.9987692307692307,0.998461301738729,-0.00030792903050169684,0.9987692839689611,0.9999999999999999,1.4191410541534424
mushroom,3,AdaPrune_data,0.9987692307692307,0.998461301738729,-0.00030792903050169684,0.9987692839689611,0.9999999999999999,1.4502778053283691
mushroom,3,AdaPrune_hybrid,0.9987692307692307,0.998461301738729,-0.00030792903050169684,0.9987692839689611,0.9999999999999999,1.4403629302978516
mushroom,4,RF_default,1.0,1.0,0.0,1.0,1.0,0.1021111011505127
mushroom,4,XGB_default,1.0,1.0,0.0,1.0,1.0,0.02511453628540039
mushroom,4,XGB_tuned,1.0,1.0,0.0,1.0,1.0,0.02599477767944336
mushroom,4,LGBM_default,1.0,1.0,0.0,1.0,1.0,0.0515749454498291
mushroom,4,AdaPrune_gap,0.999384236453202,0.9983076923076923,-0.001076544145509617,0.9993842497777387,0.9999954442120993,1.4463903903961182
mushroom,4,AdaPrune_trend,0.999384236453202,0.9983076923076923,-0.001076544145509617,0.9993842497777387,0.9999954442120993,1.4301903247833252
mushroom,4,AdaPrune_data,0.999384236453202,0.9983076923076923,-0.001076544145509617,0.9993842497777387,0.9999954442120993,1.4484152793884277
mushroom,4,AdaPrune_hybrid,0.999384236453202,0.9983076923076923,-0.001076544145509617,0.9993842497777387,0.9999954442120993,1.4457998275756836
phoneme,0,RF_default,0.9010175763182239,1.0,0.09898242368177612,0.9012423521409368,0.9629791732042876,0.10675930976867676
phoneme,0,XGB_default,0.8917668825161887,0.9925977330557483,0.10083085053955954,0.8924811346538463,0.9573389267841512,0.05050945281982422
phoneme,0,XGB_tuned,0.8806660499537465,0.9474901688642147,0.06682411891046813,0.8815528708959595,0.9502679736403126,0.03905439376831055
phoneme,0,LGBM_default,0.8926919518963923,0.9747860282211427,0.08209407632475041,0.8932639190364758,0.9565626703222291,0.048066139221191406
phoneme,0,AdaPrune_gap,0.8769657724329325,0.9243580846634282,0.04739231223049567,0.8771344746910783,0.943539729466365,1.948380947113037
phoneme,0,AdaPrune_trend,0.8769657724329325,0.9243580846634282,0.04739231223049567,0.8771344746910783,0.943539729466365,1.921494483947754
phoneme,0,AdaPrune_data,0.8769657724329325,0.9243580846634282,0.04739231223049567,0.8771344746910783,0.943539729466365,1.8964266777038574
phoneme,0,AdaPrune_hybrid,0.8769657724329325,0.9243580846634282,0.04739231223049567,0.8771344746910783,0.943539729466365,1.9218242168426514
phoneme,1,RF_default,0.9121184088806661,1.0,0.08788159111933391,0.9110219529769932,0.9622648520983699,0.11110401153564453
phoneme,1,XGB_default,0.8936170212765957,0.9965301873698821,0.10291316609328638,0.8926269961100083,0.9499025550398864,0.04135465621948242
phoneme,1,XGB_tuned,0.8843663274745606,0.9444829979181124,0.060116670443551845,0.8837587302019543,0.9429451500487225,0.046486616134643555
phoneme,1,LGBM_default,0.8908418131359852,0.9754799907471663,0.08463817761118109,0.8902141319094777,0.950905907807158,0.04606342315673828
phoneme,1,AdaPrune_gap,0.8741905642923219,0.9218135554013417,0.0476229911090198,0.8725530197972868,0.9367701950550812,1.9725918769836426
phoneme,1,AdaPrune_trend,0.8741905642923219,0.9218135554013417,0.0476229911090198,0.8725530197972868,0.9367701950550812,1.8889436721801758
phoneme,1,AdaPrune_data,0.8741905642923219,0.9218135554013417,0.0476229911090198,0.8725530197972868,0.9367701950550812,1.902681827545166
phoneme,1,AdaPrune_hybrid,0.8741905642923219,0.9218135554013417,0.0476229911090198,0.8725530197972868,0.9367701950550812,1.9006400108337402
phoneme,2,RF_default,0.9074930619796485,1.0,0.09250693802035148,0.9073201553981608,0.959395180603498,0.10547971725463867
phoneme,2,XGB_default,0.8945420906567992,0.9956049040018505,0.1010628133450513,0.8944441536143257,0.9513642294415909,0.03967738151550293
phoneme,2,XGB_tuned,0.8908418131359852,0.9447143187601202,0.053872505624135036,0.8911383314532098,0.9471402381620889,0.041356801986694336
phoneme,2,LGBM_default,0.8945420906567992,0.9787184825352764,0.08417639187847714,0.8946387975685629,0.9514757130823988,0.04576539993286133
phoneme,2,AdaPrune_gap,0.8843663274745606,0.9250520471894518,0.04068571971489121,0.8838723151471234,0.9372842585099179,1.9313502311706543
phoneme,2,AdaPrune_trend,0.8769657724329325,0.9234328012953967,0.04646702886246423,0.876196937881837,0.936673162997341,1.8682990074157715
phoneme,2,AdaPrune_data,0.8843663274745606,0.9250520471894518,0.04068571971489121,0.8838723151471234,0.9372842585099179,1.8958618640899658
phoneme,2,AdaPrune_hybrid,0.8825161887141536,0.9248207263474439,0.04230453763329034,0.8818988698851855,0.9375319999339357,1.8817875385284424
phoneme,3,RF_default,0.9130434782608695,1.0,0.08695652173913049,0.9126319989466131,0.9561314572566089,0.11972451210021973
phoneme,3,XGB_default,0.8954671600370028,0.9939856581077955,0.09851849807079271,0.8957030384443633,0.9544251836098816,0.04774284362792969
phoneme,3,XGB_tuned,0.8991674375578168,0.9477214897062225,0.04855405214840569,0.8993048239017928,0.9473321958175688,0.0402376651763916
phoneme,3,LGBM_default,0.8954671600370028,0.9747860282211427,0.07931886818413991,0.8951241582173188,0.9497185060626294,0.04767155647277832
phoneme,3,AdaPrune_gap,0.877890841813136,0.928059218135554,0.050168376322417996,0.877664040241092,0.9337252817000092,1.9367458820343018
phoneme,3,AdaPrune_trend,0.877890841813136,0.928059218135554,0.050168376322417996,0.877664040241092,0.9337252817000092,1.9109554290771484
phoneme,3,AdaPrune_data,0.877890841813136,0.928059218135554,0.050168376322417996,0.877664040241092,0.9337252817000092,1.8996148109436035
phoneme,3,AdaPrune_hybrid,0.877890841813136,0.928059218135554,0.050168376322417996,0.877664040241092,0.9337252817000092,1.8923003673553467
phoneme,4,RF_default,0.9148148148148149,1.0,0.08518518518518514,0.9138890296285037,0.963891909323565,0.11421060562133789
phoneme,4,XGB_default,0.9092592592592592,0.9939870490286772,0.08472778976941797,0.9085553909216281,0.9563817076044668,0.040526628494262695
phoneme,4,XGB_tuned,0.9009259259259259,0.9440333024976874,0.04310737657176145,0.9003073602178046,0.951420385246681,0.03816342353820801
phoneme,4,LGBM_default,0.9083333333333333,0.9740980573543015,0.06576472402096822,0.9077610155286229,0.9546824546969251,0.04685068130493164
phoneme,4,AdaPrune_gap,0.8805555555555555,0.92368177613321,0.04312622057765447,0.8785404638243983,0.9391369779758633,1.9473834037780762
phoneme,4,AdaPrune_trend,0.8805555555555555,0.92368177613321,0.04312622057765447,0.8785404638243983,0.9391369779758633,1.8968145847320557
phoneme,4,AdaPrune_data,0.8805555555555555,0.92368177613321,0.04312622057765447,0.8785404638243983,0.9391369779758633,1.8852002620697021
phoneme,4,AdaPrune_hybrid,0.8805555555555555,0.92368177613321,0.04312622057765447,0.8785404638243983,0.9391369779758633,1.896484136581421
satimage,0,RF_default,0.9175738724727839,1.0,0.08242612752721612,0.9152492205140821,0.9907907931213011,0.1315934658050537
satimage,0,XGB_default,0.9230171073094868,1.0,0.07698289269051317,0.9208811693284696,0.992307025851595,0.28038620948791504
satimage,0,XGB_tuned,0.9175738724727839,0.995334370139969,0.07776049766718507,0.9159941218488803,0.9919181364679086,0.28592848777770996
satimage,0,LGBM_default,0.9253499222395023,1.0,0.0746500777604977,0.9237193177470724,0.9933240412485115,0.32494688034057617
satimage,0,AdaPrune_gap,0.8895800933125972,0.9364307931570762,0.04685069984447898,0.8862929479244306,0.987019755803769,12.474905490875244
satimage,0,AdaPrune_trend,0.8895800933125972,0.9364307931570762,0.04685069984447898,0.8862929479244306,0.987019755803769,12.50930404663086
satimage,0,AdaPrune_data,0.8895800933125972,0.9364307931570762,0.04685069984447898,0.8862929479244306,0.987019755803769,12.464375257492065
satimage,0,AdaPrune_hybrid,0.8895800933125972,0.9364307931570762,0.04685069984447898,0.8862929479244306,0.987019755803769,12.485544204711914
satimage,1,RF_default,0.9191290824261276,1.0,0.08087091757387244,0.9171349497889182,0.9919940154610518,0.15566658973693848
satimage,1,XGB_default,0.9237947122861586,1.0,0.07620528771384139,0.9225759956776276,0.9930244560555118,0.34468960762023926
satimage,1,XGB_tuned,0.916796267496112,0.9951399688958009,0.07834370139968894,0.9159279611434314,0.9920820322868665,0.2866222858428955
satimage,1,LGBM_default,0.9183514774494557,1.0,0.08164852255054433,0.9176984230110509,0.9927497667889691,0.32544779777526855
satimage,1,AdaPrune_gap,0.895800933125972,0.9360419906687403,0.0402410575427683,0.8930084585367262,0.9886777754591851,12.480634212493896
satimage,1,AdaPrune_trend,0.895800933125972,0.9360419906687403,0.0402410575427683,0.8930084585367262,0.9886777754591851,12.457290887832642
satimage,1,AdaPrune_data,0.895800933125972,0.9360419906687403,0.0402410575427683,0.8930084585367262,0.9886777754591851,12.502995014190674
satimage,1,AdaPrune_hybrid,0.895800933125972,0.9360419906687403,0.0402410575427683,0.8930084585367262,0.9886777754591851,12.485918045043945
satimage,2,RF_default,0.9245723172628305,1.0,0.07542768273716949,0.9219768981620008,0.9923813098848693,0.11947035789489746
satimage,2,XGB_default,0.916796267496112,1.0,0.08320373250388802,0.9151353952367915,0.9919357704566878,0.26198434829711914
satimage,2,XGB_tuned,0.9097978227060654,0.994945567651633,0.08514774494556765,0.9073641308623143,0.9911368413477749,0.2833590507507324
satimage,2,LGBM_default,0.926905132192846,1.0,0.07309486780715402,0.9253973116403035,0.9922957274585983,0.31133270263671875
satimage,2,AdaPrune_gap,0.8911353032659409,0.932542768273717,0.041407465007776034,0.8881830988041562,0.9868426282695124,12.440004825592041
satimage,2,AdaPrune_trend,0.8911353032659409,0.932542768273717,0.041407465007776034,0.8881830988041562,0.9868426282695124,12.47258996963501
satimage,2,AdaPrune_data,0.8911353032659409,0.932542768273717,0.041407465007776034,0.8881830988041562,0.9868426282695124,12.451143741607666
satimage,2,AdaPrune_hybrid,0.8911353032659409,0.932542768273717,0.041407465007776034,0.8881830988041562,0.9868426282695124,12.458559513092041
satimage,3,RF_default,0.9082426127527217,0.9998055987558321,0.09156298600311041,0.9052115469227492,0.9914417135839793,0.12402200698852539
satimage,3,XGB_default,0.9206842923794712,1.0,0.07931570762052875,0.9197853619142742,0.9919158461385845,0.2864871025085449
satimage,3,XGB_tuned,0.916796267496112,0.994751166407465,0.07795489891135299,0.9154487903966998,0.9903442587433973,0.2756311893463135
satimage,3,LGBM_default,0.9245723172628305,1.0,0.07542768273716949,0.9230318491693009,0.9918644059734701,0.32311344146728516
satimage,3,AdaPrune_gap,0.8919129082426127,0.937402799377916,0.04548989113530333,0.8888071789092071,0.986718693825571,12.487368106842041
satimage,3,AdaPrune_trend,0.8919129082426127,0.937402799377916,0.04548989113530333,0.8888071789092071,0.986718693825571,12.488256692886353
satimage,3,AdaPrune_data,0.8919129082426127,0.937402799377916,0.04548989113530333,0.8888071789092071,0.986718693825571,12.465157747268677
satimage,3,AdaPrune_hybrid,0.8919129082426127,0.937402799377916,0.04548989113530333,0.8888071789092071,0.986718693825571,12.45602560043335
satimage,4,RF_default,0.9090202177293935,1.0,0.09097978227060655,0.9064751067361972,0.9917977170985772,0.12869501113891602
satimage,4,XGB_default,0.9206842923794712,1.0,0.07931570762052875,0.9195890961669986,0.9936258121367147,0.27510666847229004
satimage,4,XGB_tuned,0.9129082426127527,0.994751166407465,0.08184292379471225,0.9112692794449291,0.9929387216428761,0.28137826919555664
satimage,4,LGBM_default,0.9136858475894246,1.0,0.08631415241057538,0.9132494339751996,0.9936913651463695,0.324016809463501
satimage,4,AdaPrune_gap,0.8880248833592534,0.9333203732503889,0.04529548989113541,0.8846919829127878,0.9888211061594199,12.50507140159607
satimage,4,AdaPrune_trend,0.8880248833592534,0.9333203732503889,0.04529548989113541,0.8846919829127878,0.9888211061594199,12.507052183151245
satimage,4,AdaPrune_data,0.8880248833592534,0.9333203732503889,0.04529548989113541,0.8846919829127878,0.9888211061594199,12.518282413482666
satimage,4,AdaPrune_hybrid,0.8880248833592534,0.9333203732503889,0.04529548989113541,0.8846919829127878,0.9888211061594199,12.548594236373901
segment,0,RF_default,0.9805194805194806,1.0,0.01948051948051943,0.9806883148611572,0.9996255848528575,0.08478999137878418
segment,0,XGB_default,0.9805194805194806,1.0,0.01948051948051943,0.9805506682586302,0.9996720451265905,0.1374661922454834
segment,0,XGB_tuned,0.9783549783549783,1.0,0.02164502164502169,0.9784346167538397,0.999628317810136,0.15833330154418945
segment,0,LGBM_default,0.9783549783549783,1.0,0.02164502164502169,0.9784962909265063,0.9995572609208973,0.30449676513671875
segment,0,AdaPrune_gap,0.9653679653679653,0.9929653679653679,0.02759740259740262,0.9654209728671366,0.9993058288512834,5.175394773483276
segment,0,AdaPrune_trend,0.9653679653679653,0.9929653679653679,0.02759740259740262,0.9654209728671366,0.9992621015348288,5.055420637130737
segment,0,AdaPrune_data,0.9653679653679653,0.9929653679653679,0.02759740259740262,0.9654209728671366,0.9993058288512834,5.150346517562866
segment,0,AdaPrune_hybrid,0.9653679653679653,0.9929653679653679,0.02759740259740262,0.9654209728671366,0.9993058288512834,5.144862651824951
segment,1,RF_default,0.9805194805194806,1.0,0.01948051948051943,0.9805000711487195,0.9994342778433689,0.09294939041137695
segment,1,XGB_default,0.9848484848484849,1.0,0.015151515151515138,0.9848474908176401,0.9992129083038174,0.15173578262329102
segment,1,XGB_tuned,0.9805194805194806,1.0,0.01948051948051943,0.9805478103985568,0.999382351655079,0.17587947845458984
segment,1,LGBM_default,0.9805194805194806,1.0,0.01948051948051943,0.9804687935043161,0.999349556167738,0.30499696731567383
segment,1,AdaPrune_gap,0.9783549783549783,0.9886363636363636,0.010281385281385336,0.9781405770393988,0.9985843281297827,5.178881883621216
segment,1,AdaPrune_trend,0.9783549783549783,0.9891774891774892,0.010822510822510845,0.9781405770393988,0.99860619178801,4.976609468460083
segment,1,AdaPrune_data,0.9783549783549783,0.9886363636363636,0.010281385281385336,0.9781405770393988,0.9985843281297827,5.132926940917969
segment,1,AdaPrune_hybrid,0.9783549783549783,0.9886363636363636,0.010281385281385336,0.9781405770393988,0.9985843281297827,5.165009021759033
segment,2,RF_default,0.9783549783549783,1.0,0.02164502164502169,0.9782353975401691,0.9993714198259652,0.08641886711120605
segment,2,XGB_default,0.9848484848484849,1.0,0.015151515151515138,0.9847728864272982,0.9996009882373519,0.18871426582336426
segment,2,XGB_tuned,0.9805194805194806,1.0,0.01948051948051943,0.9803888381636773,0.9994206130569766,0.1781020164489746
segment,2,LGBM_default,0.9891774891774892,1.0,0.010822510822510845,0.9891236718680796,0.9998305566487384,0.30284547805786133
segment,2,AdaPrune_gap,0.9718614718614719,0.987012987012987,0.015151515151515138,0.9720153669888494,0.9981634527089072,5.126296520233154
segment,2,AdaPrune_trend,0.9718614718614719,0.987012987012987,0.015151515151515138,0.9720153669888494,0.9981634527089072,5.140095949172974
segment,2,AdaPrune_data,0.9718614718614719,0.987012987012987,0.015151515151515138,0.9720153669888494,0.9981634527089072,5.13966178894043
segment,2,AdaPrune_hybrid,0.9718614718614719,0.987012987012987,0.015151515151515138,0.9720153669888494,0.9981634527089072,5.118773937225342
segment,3,RF_default,0.9761904761904762,1.0,0.023809523809523836,0.9762386783852661,0.9991063229699594,0.08578920364379883
segment,3,XGB_default,0.9783549783549783,1.0,0.02164502164502169,0.9785399513968556,0.9991965105601469,0.15448331832885742
segment,3,XGB_tuned,0.9783549783549783,1.0,0.02164502164502169,0.9784965670461854,0.9991582491582492,0.1812610626220703
segment,3,LGBM_default,0.9783549783549783,1.0,0.02164502164502169,0.9784469982943266,0.9992238401329311,0.30103087425231934
segment,3,AdaPrune_gap,0.9696969696969697,0.9886363636363636,0.018939393939393923,0.9699645264722098,0.9989068170886354,5.0477540493011475
segment,3,AdaPrune_trend,0.9696969696969697,0.9886363636363636,0.018939393939393923,0.9699645264722098,0.9989068170886354,5.121026277542114
segment,3,AdaPrune_data,0.9696969696969697,0.9886363636363636,0.018939393939393923,0.9699645264722098,0.9989068170886354,5.169427156448364
segment,3,AdaPrune_hybrid,0.9696969696969697,0.9886363636363636,0.018939393939393923,0.9699645264722098,0.9989068170886354,5.143798589706421
segment,4,RF_default,0.9805194805194806,1.0,0.01948051948051943,0.9804560534539247,0.9994534085443175,0.08673405647277832
segment,4,XGB_default,0.9891774891774892,1.0,0.010822510822510845,0.9891243952594831,0.9997758975031703,0.13597774505615234
segment,4,XGB_tuned,0.9891774891774892,1.0,0.010822510822510845,0.9891443191104557,0.9998688180506362,0.16530275344848633
segment,4,LGBM_default,0.9935064935064936,1.0,0.00649350649350644,0.9934898463567465,0.9999726704272157,0.3021526336669922
segment,4,AdaPrune_gap,0.9696969696969697,0.9924242424242424,0.022727272727272707,0.9697116176597321,0.9986881805063624,5.084579944610596
segment,4,AdaPrune_trend,0.974025974025974,0.9918831168831169,0.017857142857142905,0.9740082087840798,0.9987428396519306,5.018245458602905
segment,4,AdaPrune_data,0.9696969696969697,0.9924242424242424,0.022727272727272707,0.9697116176597321,0.9986881805063624,5.120248794555664
segment,4,AdaPrune_hybrid,0.9696969696969697,0.9924242424242424,0.022727272727272707,0.9697116176597321,0.9986881805063624,5.115407943725586
sonar,0,RF_default,0.8095238095238095,1.0,0.19047619047619047,0.8041456582633053,0.9477272727272726,0.08017492294311523
sonar,0,XGB_default,0.8571428571428571,1.0,0.1428571428571429,0.8571428571428571,0.9363636363636363,0.029301881790161133
sonar,0,XGB_tuned,0.9047619047619048,1.0,0.09523809523809523,0.9047619047619048,0.95,0.031304121017456055
sonar,0,LGBM_default,0.9047619047619048,1.0,0.09523809523809523,0.9043260324724856,0.9772727272727273,0.013477087020874023
sonar,0,AdaPrune_gap,0.7142857142857143,0.9518072289156626,0.2375215146299483,0.7129780974174567,0.8477272727272727,0.40599775314331055
sonar,0,AdaPrune_trend,0.7142857142857143,0.9518072289156626,0.2375215146299483,0.7129780974174567,0.8477272727272727,0.39465951919555664
sonar,0,AdaPrune_data,0.6904761904761905,0.9518072289156626,0.26133103843947214,0.6878063473808156,0.85,0.3629424571990967
sonar,0,AdaPrune_hybrid,0.7380952380952381,0.9518072289156626,0.21371199082042447,0.7358361400914591,0.8613636363636363,0.3635900020599365
sonar,1,RF_default,0.8095238095238095,1.0,0.19047619047619047,0.8041456582633053,0.9590909090909091,0.07700443267822266
sonar,1,XGB_default,0.7857142857142857,1.0,0.2142857142857143,0.7853479853479854,0.9090909090909092,0.03312420845031738
sonar,1,XGB_tuned,0.8571428571428571,1.0,0.1428571428571429,0.8564890487087284,0.9727272727272727,0.029376745223999023
sonar,1,LGBM_default,0.9047619047619048,1.0,0.09523809523809523,0.9047619047619048,0.9886363636363636,0.014988422393798828
sonar,1,AdaPrune_gap,0.7619047619047619,0.9578313253012049,0.195926563396443,0.7551820728291316,0.8727272727272727,0.40822362899780273
sonar,1,AdaPrune_trend,0.7619047619047619,0.9578313253012049,0.195926563396443,0.7551820728291316,0.8727272727272727,0.3948829174041748
sonar,1,AdaPrune_data,0.7380952380952381,0.963855421686747,0.22576018359150885,0.7282913165266106,0.9113636363636364,0.38201236724853516
sonar,1,AdaPrune_hybrid,0.8095238095238095,0.9578313253012049,0.14830751577739532,0.806878306878307,0.9045454545454545,0.3921504020690918
sonar,2,RF_default,0.7619047619047619,1.0,0.23809523809523814,0.7619047619047619,0.8592677345537757,0.07351255416870117
sonar,2,XGB_default,0.7380952380952381,1.0,0.26190476190476186,0.7373524565810442,0.8627002288329519,0.027039766311645508
sonar,2,XGB_tuned,0.7857142857142857,1.0,0.2142857142857143,0.7851065553844908,0.8443935926773456,0.023529052734375
sonar,2,LGBM_default,0.7619047619047619,1.0,0.23809523809523814,0.7602813852813852,0.8558352402745996,0.017611026763916016
sonar,2,AdaPrune_gap,0.6666666666666666,0.9698795180722891,0.3032128514056225,0.6605644546147978,0.8352402745995423,0.40560102462768555
sonar,2,AdaPrune_trend,0.6666666666666666,0.9698795180722891,0.3032128514056225,0.6605644546147978,0.8352402745995423,0.39484119415283203
sonar,2,AdaPrune_data,0.6666666666666666,0.9698795180722891,0.3032128514056225,0.6605644546147978,0.8352402745995423,0.42484402656555176
sonar,2,AdaPrune_hybrid,0.6666666666666666,0.9698795180722891,0.3032128514056225,0.6605644546147978,0.8352402745995423,0.3922920227050781
sonar,3,RF_default,0.9024390243902439,1.0,0.09756097560975607,0.9007651841224295,0.9461722488038278,0.07634758949279785
sonar,3,XGB_default,0.8780487804878049,1.0,0.12195121951219512,0.8750320527324013,0.9641148325358851,0.03414511680603027
sonar,3,XGB_tuned,0.8536585365853658,1.0,0.14634146341463417,0.848719512195122,0.9330143540669856,0.028746366500854492
sonar,3,LGBM_default,0.9024390243902439,1.0,0.09756097560975607,0.9007651841224295,0.9712918660287081,0.013120651245117188
sonar,3,AdaPrune_gap,0.8536585365853658,0.9760479041916168,0.12238936760625097,0.8511477761836442,0.9401913875598086,0.40201401710510254
sonar,3,AdaPrune_trend,0.8536585365853658,0.9760479041916168,0.12238936760625097,0.8511477761836442,0.9401913875598086,0.3955836296081543
sonar,3,AdaPrune_data,0.8780487804878049,0.9461077844311377,0.06805900394333286,0.8750320527324013,0.9617224880382775,0.36774301528930664
sonar,3,AdaPrune_hybrid,0.8780487804878049,0.9461077844311377,0.06805900394333286,0.8750320527324013,0.9377990430622009,0.3715386390686035
sonar,4,RF_default,0.8536585365853658,1.0,0.14634146341463417,0.8527748320961471,0.9210526315789473,0.07226443290710449
sonar,4,XGB_default,0.9024390243902439,1.0,0.09756097560975607,0.901849888064098,0.9521531100478469,0.025577783584594727
sonar,4,XGB_tuned,0.9024390243902439,1.0,0.09756097560975607,0.9024390243902439,0.9545454545454546,0.031019210815429688
sonar,4,LGBM_default,0.926829268292683,1.0,0.07317073170731703,0.9266534827510439,0.9665071770334928,0.01771235466003418
sonar,4,AdaPrune_gap,0.8536585365853658,0.9640718562874252,0.11041331970205936,0.8527748320961471,0.8803827751196173,0.43764591217041016
sonar,4,AdaPrune_trend,0.8536585365853658,0.9640718562874252,0.11041331970205936,0.8527748320961471,0.8803827751196173,0.4094212055206299
sonar,4,AdaPrune_data,0.8048780487804879,0.9640718562874252,0.15919380750693735,0.803699776128196,0.9210526315789473,0.38302135467529297
sonar,4,AdaPrune_hybrid,0.8048780487804879,0.9640718562874252,0.15919380750693735,0.803699776128196,0.9282296650717703,0.39346861839294434
spambase,0,RF_default,0.9576547231270358,0.9991847826086957,0.04153005948165989,0.9575805672219951,0.9842511132833713,0.10001277923583984
spambase,0,XGB_default,0.9424538545059717,0.9978260869565218,0.05537223245055001,0.9423826552652823,0.9869639701017999,0.08064675331115723
spambase,0,XGB_tuned,0.9435396308360477,0.9798913043478261,0.03635167351177837,0.9433654950648914,0.9867566179882895,0.07753849029541016
spambase,0,LGBM_default,0.9533116178067318,0.9989130434782608,0.04560142567152903,0.953277338905986,0.987850153539303,0.09766602516174316
spambase,0,AdaPrune_gap,0.9370249728555917,0.9616847826086956,0.02465980975310389,0.9367604482803175,0.9793018158120798,3.2223386764526367
spambase,0,AdaPrune_trend,0.9370249728555917,0.9616847826086956,0.02465980975310389,0.9367604482803175,0.9793018158120798,3.234083414077759
spambase,0,AdaPrune_data,0.9370249728555917,0.9616847826086956,0.02465980975310389,0.9367604482803175,0.9793018158120798,3.2074387073516846
spambase,0,AdaPrune_hybrid,0.9370249728555917,0.9616847826086956,0.02465980975310389,0.9367604482803175,0.9793018158120798,3.184889793395996
spambase,1,RF_default,0.9630434782608696,0.9997283346916599,0.036684856430790336,0.9629884834368531,0.9929002774604211,0.10244584083557129
spambase,1,XGB_default,0.9576086956521739,0.9980983428416191,0.040489647189445255,0.9576386865739713,0.9908106691197927,0.08159804344177246
spambase,1,XGB_tuned,0.9554347826086956,0.976093452866069,0.020658670257373335,0.955333662933769,0.9913448175240244,0.07346439361572266
spambase,1,LGBM_default,0.967391304347826,0.9989133387666395,0.031522034418813405,0.9674218888334434,0.9934665736852778,0.09192728996276855
spambase,1,AdaPrune_gap,0.9391304347826087,0.9581635425156207,0.019033107733012034,0.9389761400736639,0.9857560425538229,3.2111010551452637
spambase,1,AdaPrune_trend,0.9391304347826087,0.9581635425156207,0.019033107733012034,0.9389761400736639,0.9857560425538229,3.2248141765594482
spambase,1,AdaPrune_data,0.9391304347826087,0.9581635425156207,0.019033107733012034,0.9389761400736639,0.9857560425538229,3.176225423812866
spambase,1,AdaPrune_hybrid,0.9391304347826087,0.9581635425156207,0.019033107733012034,0.9389761400736639,0.9857560425538229,3.211899995803833
spambase,2,RF_default,0.9510869565217391,0.9997283346916599,0.04864137816992076,0.9510266335934002,0.9852021108753605,0.11189436912536621
spambase,2,XGB_default,0.9543478260869566,0.9970116816082586,0.04266385552130203,0.9544315044560983,0.9844256173618015,0.07963705062866211
spambase,2,XGB_tuned,0.9532608695652174,0.9790817712578104,0.02582090169259299,0.9532939364789941,0.9828380096047797,0.07320380210876465
spambase,2,LGBM_default,0.9543478260869566,0.9986416734582994,0.04429384737134279,0.9544704220418674,0.9840101686029545,0.09019327163696289
spambase,2,AdaPrune_gap,0.9347826086956522,0.9619668568323825,0.02718424813673026,0.9347509679485689,0.9785277287317437,3.1848881244659424
spambase,2,AdaPrune_trend,0.9347826086956522,0.9619668568323825,0.02718424813673026,0.9347509679485689,0.9785277287317437,3.2019846439361572
spambase,2,AdaPrune_data,0.9347826086956522,0.9619668568323825,0.02718424813673026,0.9347509679485689,0.9785277287317437,3.201523542404175
spambase,2,AdaPrune_hybrid,0.9347826086956522,0.9619668568323825,0.02718424813673026,0.9347509679485689,0.9785277287317437,3.196037530899048
spambase,3,RF_default,0.9532608695652174,0.9997283346916599,0.04646746512644251,0.9531026694760313,0.9855516940929523,0.09991598129272461
spambase,3,XGB_default,0.9532608695652174,0.997826677533279,0.044565807968061644,0.9532262844196366,0.988574031168934,0.07565426826477051
spambase,3,XGB_tuned,0.9456521739130435,0.9793534365661505,0.03370126265310702,0.9456255115669338,0.9875665854769401,0.07715654373168945
spambase,3,LGBM_default,0.9521739130434783,0.9994566693833198,0.04728275633984147,0.9521019598344365,0.9891185964078496,0.09167861938476562
spambase,3,AdaPrune_gap,0.9445652173913044,0.9616951915240424,0.01712997413273798,0.944377584727386,0.9804278302540643,3.152240514755249
spambase,3,AdaPrune_trend,0.9445652173913044,0.9616951915240424,0.01712997413273798,0.944377584727386,0.9804278302540643,3.214465618133545
spambase,3,AdaPrune_data,0.9445652173913044,0.9616951915240424,0.01712997413273798,0.944377584727386,0.9804278302540643,3.1988728046417236
spambase,3,AdaPrune_hybrid,0.9445652173913044,0.9616951915240424,0.01712997413273798,0.944377584727386,0.9804278302540643,3.38008713722229
spambase,4,RF_default,0.9445652173913044,0.9991850040749797,0.05461978668367529,0.9442491748192043,0.9818511257648667,0.10858917236328125
spambase,4,XGB_default,0.9489130434782609,0.997826677533279,0.04891363405501814,0.9487114043065263,0.9857620942988969,0.09865522384643555
spambase,4,XGB_tuned,0.9467391304347826,0.9801684324911709,0.03342930205638828,0.9464672265985294,0.9846581120418226,0.08800101280212402
spambase,4,LGBM_default,0.9554347826086956,0.9983700081499592,0.04293522554126361,0.9552839406631928,0.9864254737717578,0.0996091365814209
spambase,4,AdaPrune_gap,0.933695652173913,0.9657701711491442,0.03207451897523117,0.9333176404700287,0.9763708192241431,3.2610855102539062
spambase,4,AdaPrune_trend,0.933695652173913,0.9657701711491442,0.03207451897523117,0.9333176404700287,0.9763708192241431,3.3963944911956787
spambase,4,AdaPrune_data,0.933695652173913,0.9657701711491442,0.03207451897523117,0.9333176404700287,0.9763708192241431,3.4580955505371094
spambase,4,AdaPrune_hybrid,0.933695652173913,0.9657701711491442,0.03207451897523117,0.9333176404700287,0.9763708192241431,3.4607760906219482
tic-tac-toe,0,RF_default,0.96875,1.0,0.03125,0.9683693244739756,0.9982563732563733,0.09127020835876465
tic-tac-toe,0,XGB_default,0.9947916666666666,1.0,0.00520833333333337,0.9948008717011653,1.0,0.047898054122924805
tic-tac-toe,0,XGB_tuned,0.984375,1.0,0.015625,0.9843462420420601,0.9987974987974988,0.02909708023071289
tic-tac-toe,0,LGBM_default,1.0,1.0,0.0,1.0,1.0,0.04419207572937012
tic-tac-toe,0,AdaPrune_gap,0.8958333333333334,0.9386422976501305,0.04280896431679715,0.8929924242424242,0.9689754689754689,0.3250389099121094
tic-tac-toe,0,AdaPrune_trend,0.8958333333333334,0.9386422976501305,0.04280896431679715,0.8929924242424242,0.9689754689754689,0.21811318397521973
tic-tac-toe,0,AdaPrune_data,0.8958333333333334,0.9386422976501305,0.04280896431679715,0.8929924242424242,0.9689754689754689,0.2492060661315918
tic-tac-toe,0,AdaPrune_hybrid,0.8958333333333334,0.9386422976501305,0.04280896431679715,0.8929924242424242,0.9689754689754689,0.22753477096557617
tic-tac-toe,1,RF_default,0.984375,1.0,0.015625,0.9842887261261805,1.0,0.09144902229309082
tic-tac-toe,1,XGB_default,1.0,1.0,0.0,1.0,1.0,0.03394317626953125
tic-tac-toe,1,XGB_tuned,1.0,1.0,0.0,1.0,1.0,0.028853654861450195
tic-tac-toe,1,LGBM_default,1.0,1.0,0.0,1.0,1.0,0.042114973068237305
tic-tac-toe,1,AdaPrune_gap,0.90625,0.9399477806788512,0.03369778067885121,0.9047272978959024,0.9822089552238806,0.2925746440887451
tic-tac-toe,1,AdaPrune_trend,0.90625,0.9399477806788512,0.03369778067885121,0.9047272978959024,0.9822089552238806,0.23337626457214355
tic-tac-toe,1,AdaPrune_data,0.90625,0.9399477806788512,0.03369778067885121,0.9047272978959024,0.9822089552238806,0.2383255958557129
tic-tac-toe,1,AdaPrune_hybrid,0.90625,0.9399477806788512,0.03369778067885121,0.9047272978959024,0.9822089552238806,0.2332923412322998
tic-tac-toe,2,RF_default,0.9270833333333334,1.0,0.07291666666666663,0.9247632575757576,0.9933134328358209,0.08167719841003418
tic-tac-toe,2,XGB_default,1.0,1.0,0.0,1.0,1.0,0.03771829605102539
tic-tac-toe,2,XGB_tuned,0.984375,1.0,0.015625,0.9842887261261805,0.9996417910447761,0.031128406524658203
tic-tac-toe,2,LGBM_default,1.0,1.0,0.0,1.0,1.0,0.04774808883666992
tic-tac-toe,2,AdaPrune_gap,0.8541666666666666,0.9412532637075718,0.08708659704090516,0.8422497850775983,0.9607164179104478,0.27646350860595703
tic-tac-toe,2,AdaPrune_trend,0.8541666666666666,0.9412532637075718,0.08708659704090516,0.8422497850775983,0.9607164179104478,0.23388171195983887
tic-tac-toe,2,AdaPrune_data,0.8541666666666666,0.9412532637075718,0.08708659704090516,0.8422497850775983,0.9607164179104478,0.2331383228302002
tic-tac-toe,2,AdaPrune_hybrid,0.8541666666666666,0.9412532637075718,0.08708659704090516,0.8422497850775983,0.9607164179104478,0.22001290321350098
tic-tac-toe,3,RF_default,0.9476439790575916,1.0,0.05235602094240843,0.9467667964111447,0.9930909090909091,0.08061408996582031
tic-tac-toe,3,XGB_default,1.0,1.0,0.0,1.0,1.0,0.025112390518188477
tic-tac-toe,3,XGB_tuned,0.9947643979057592,1.0,0.005235602094240788,0.9947548441779024,1.0,0.025690317153930664
tic-tac-toe,3,LGBM_default,1.0,1.0,0.0,1.0,1.0,0.030700206756591797
tic-tac-toe,3,AdaPrune_gap,0.8952879581151832,0.9374185136897001,0.04213055557451684,0.8930101741019258,0.9859393939393939,0.24687886238098145
tic-tac-toe,3,AdaPrune_trend,0.8952879581151832,0.9374185136897001,0.04213055557451684,0.8930101741019258,0.9859393939393939,0.23858642578125
tic-tac-toe,3,AdaPrune_data,0.8952879581151832,0.9361147327249022,0.04082677460971895,0.8930101741019258,0.986181818181818,0.22759032249450684
tic-tac-toe,3,AdaPrune_hybrid,0.8952879581151832,0.9374185136897001,0.04213055557451684,0.8930101741019258,0.9859393939393939,0.21890020370483398
tic-tac-toe,4,RF_default,0.9267015706806283,1.0,0.0732984293193717,0.9242968777310777,0.9917575757575757,0.08341121673583984
tic-tac-toe,4,XGB_default,0.9947643979057592,1.0,0.005235602094240788,0.9947548441779024,1.0,0.026075124740600586
tic-tac-toe,4,XGB_tuned,0.9633507853403142,1.0,0.03664921465968585,0.9629886501329311,0.997090909090909,0.026782751083374023
tic-tac-toe,4,LGBM_default,1.0,1.0,0.0,1.0,1.0,0.04866218566894531
tic-tac-toe,4,AdaPrune_gap,0.8848167539267016,0.9413298565840938,0.05651310265739229,0.8779565753002772,0.974969696969697,0.27337074279785156
tic-tac-toe,4,AdaPrune_trend,0.8848167539267016,0.9413298565840938,0.05651310265739229,0.8779565753002772,0.974969696969697,0.2035539150238037
tic-tac-toe,4,AdaPrune_data,0.8848167539267016,0.9413298565840938,0.05651310265739229,0.8779565753002772,0.974969696969697,0.2026214599609375
tic-tac-toe,4,AdaPrune_hybrid,0.8848167539267016,0.9413298565840938,0.05651310265739229,0.8779565753002772,0.974969696969697,0.21168279647827148
vehicle,0,RF_default,0.7352941176470589,1.0,0.2647058823529411,0.7251596876232574,0.9318568889296079,0.08672928810119629
vehicle,0,XGB_default,0.7529411764705882,1.0,0.24705882352941178,0.7488880300245779,0.9248753125316348,0.08900570869445801
vehicle,0,XGB_tuned,0.7705882352941177,1.0,0.22941176470588232,0.7690689593168232,0.9351421456933268,0.09639859199523926
vehicle,0,LGBM_default,0.7588235294117647,1.0,0.24117647058823533,0.7572465611319023,0.9263496587813399,0.1424417495727539
vehicle,0,AdaPrune_gap,0.7058823529411765,0.8698224852071006,0.16394013226592408,0.6999335702660511,0.9116545952117976,0.5528786182403564
vehicle,0,AdaPrune_trend,0.7176470588235294,0.9319526627218935,0.21430560389836406,0.7122412268974481,0.9204017993225959,0.6704502105712891
vehicle,0,AdaPrune_data,0.711764705882353,0.856508875739645,0.144744169857292,0.7042998326544788,0.9130387830480465,0.5968732833862305
vehicle,0,AdaPrune_hybrid,0.7,0.871301775147929,0.171301775147929,0.693428746114168,0.9126276692788966,0.6225106716156006
vehicle,1,RF_default,0.7455621301775148,1.0,0.2544378698224852,0.7378173866243729,0.9302576948419496,0.1145937442779541
vehicle,1,XGB_default,0.7692307692307693,1.0,0.23076923076923073,0.7652856210184519,0.93936280058016,0.11674332618713379
vehicle,1,XGB_tuned,0.7751479289940828,1.0,0.2248520710059172,0.7708119600791514,0.9417526360876833,0.10199427604675293
vehicle,1,LGBM_default,0.7869822485207101,1.0,0.21301775147928992,0.7826432611279781,0.9362238505104986,0.146270751953125
vehicle,1,AdaPrune_gap,0.727810650887574,0.8670605612998523,0.1392499104122783,0.7123786308291583,0.9262176815073015,0.5880026817321777
vehicle,1,AdaPrune_trend,0.7396449704142012,0.8936484490398818,0.15400347862568065,0.7266425630896078,0.9325188008441289,0.709902286529541
vehicle,1,AdaPrune_data,0.7218934911242604,0.844903988183161,0.12301049705890066,0.7045703576516275,0.9267727538598751,0.6172964572906494
vehicle,1,AdaPrune_hybrid,0.7218934911242604,0.8596750369276218,0.13778154580336144,0.7063266445823687,0.9290638816700822,0.6125218868255615
vehicle,2,RF_default,0.6982248520710059,1.0,0.30177514792899407,0.6861610085182452,0.9153090121337696,0.08410358428955078
vehicle,2,XGB_default,0.7396449704142012,1.0,0.2603550295857988,0.7361514534383764,0.9220849993172899,0.11319351196289062
vehicle,2,XGB_tuned,0.757396449704142,1.0,0.242603550295858,0.7505214254491719,0.9227807892528639,0.11336278915405273
vehicle,2,LGBM_default,0.7100591715976331,1.0,0.2899408284023669,0.7040465046987058,0.9184300221726447,0.16862988471984863
vehicle,2,AdaPrune_gap,0.7100591715976331,0.9202363367799113,0.21017716518227825,0.694410003839675,0.9103058896226109,0.7186422348022461
vehicle,2,AdaPrune_trend,0.7100591715976331,0.9202363367799113,0.21017716518227825,0.694410003839675,0.9103058896226109,0.7333571910858154
vehicle,2,AdaPrune_data,0.6982248520710059,0.8552437223042836,0.15701887023327765,0.6839463998275804,0.9117942091558082,0.6023876667022705
vehicle,2,AdaPrune_hybrid,0.6982248520710059,0.8567208271787297,0.15849597510772373,0.6871657174476528,0.9112310345409383,0.5678901672363281
vehicle,3,RF_default,0.7455621301775148,1.0,0.2544378698224852,0.739658635431482,0.935448312527743,0.08119940757751465
vehicle,3,XGB_default,0.7751479289940828,1.0,0.2248520710059172,0.7778315029827563,0.9342079367504409,0.10259246826171875
vehicle,3,XGB_tuned,0.7514792899408284,1.0,0.24852071005917165,0.7548257774841697,0.9339170088258025,0.09270191192626953
vehicle,3,LGBM_default,0.7751479289940828,1.0,0.2248520710059172,0.7772868052120826,0.93070398847729,0.14913678169250488
vehicle,3,AdaPrune_gap,0.7810650887573964,0.9276218611521418,0.1465567723947454,0.7785328109048328,0.9341963360951149,0.6525576114654541
vehicle,3,AdaPrune_trend,0.7810650887573964,0.9276218611521418,0.1465567723947454,0.7785328109048328,0.9341963360951149,0.6586906909942627
vehicle,3,AdaPrune_data,0.7633136094674556,0.8936484490398818,0.1303348395724262,0.7593789426447994,0.9307777545420692,0.6219913959503174
vehicle,3,AdaPrune_hybrid,0.7692307692307693,0.9084194977843427,0.13918872855357345,0.7646093991689202,0.9290126920456672,0.642136812210083
vehicle,4,RF_default,0.7396449704142012,1.0,0.2603550295857988,0.7366324842256076,0.9276745634378771,0.07772183418273926
vehicle,4,XGB_default,0.7159763313609467,1.0,0.28402366863905326,0.7144494506108383,0.918363482671175,0.10279154777526855
vehicle,4,XGB_tuned,0.7218934911242604,1.0,0.2781065088757396,0.7187363244434606,0.9269241606519714,0.09231901168823242
vehicle,4,LGBM_default,0.7396449704142012,1.0,0.2603550295857988,0.7397974154833081,0.9176491463828743,0.15048599243164062
vehicle,4,AdaPrune_gap,0.7396449704142012,0.8788774002954209,0.13923242988121975,0.7260613612291099,0.9289822340709915,0.5649292469024658
vehicle,4,AdaPrune_trend,0.7396449704142012,0.9172821270310192,0.177637156616818,0.7280902243703781,0.9308533281314346,0.6279253959655762
vehicle,4,AdaPrune_data,0.7455621301775148,0.8700147710487445,0.12445264087122965,0.7281281946193884,0.9255753083208704,0.5779507160186768
vehicle,4,AdaPrune_hybrid,0.7396449704142012,0.8744460856720827,0.13480111525788152,0.7241099975466808,0.9277988599172031,0.6024727821350098
waveform,0,RF_default,0.866,1.0,0.134,0.8648184676485671,0.9701753224829226,0.14873671531677246
waveform,0,XGB_default,0.854,1.0,0.14600000000000002,0.8528039860776605,0.9670797565802866,0.30124664306640625
waveform,0,XGB_tuned,0.845,0.99925,0.15425,0.8442571547327467,0.9662323187863858,0.297802209854126
waveform,0,LGBM_default,0.854,1.0,0.14600000000000002,0.8528284631003608,0.9677835529482024,0.1915891170501709
waveform,0,AdaPrune_gap,0.848,0.94475,0.09675,0.8468855934925266,0.9631162998700925,11.174179553985596
waveform,0,AdaPrune_trend,0.848,0.94475,0.09675,0.8468855934925266,0.9631162998700925,11.248075485229492
waveform,0,AdaPrune_data,0.854,0.93425,0.08025000000000004,0.8529144092788086,0.9632980829825081,10.733174562454224
waveform,0,AdaPrune_hybrid,0.851,0.938,0.08699999999999997,0.8498903430893595,0.9640338161468391,11.238455772399902
waveform,1,RF_default,0.849,1.0,0.15100000000000002,0.8478362843422538,0.9653252639116447,0.1565234661102295
waveform,1,XGB_default,0.837,1.0,0.16300000000000003,0.8366590909090907,0.9670247010978094,0.35589599609375
waveform,1,XGB_tuned,0.852,0.99925,0.14725,0.851633046746294,0.9669710035975088,0.31880903244018555
waveform,1,LGBM_default,0.843,1.0,0.15700000000000003,0.8425364733366666,0.9678806022565882,0.20579743385314941
waveform,1,AdaPrune_gap,0.844,0.94275,0.09875,0.8435792693865903,0.9618742956114862,11.300112247467041
waveform,1,AdaPrune_trend,0.844,0.94275,0.09875,0.8435792693865903,0.9618742956114862,11.635849714279175
waveform,1,AdaPrune_data,0.845,0.9315,0.08650000000000002,0.8445548595697674,0.9624892351232718,10.849568605422974
waveform,1,AdaPrune_hybrid,0.844,0.94275,0.09875,0.8435792693865903,0.9618742956114862,11.115279912948608
waveform,2,RF_default,0.833,1.0,0.16700000000000004,0.8324648124121131,0.9609429662344934,0.14253997802734375
waveform,2,XGB_default,0.821,1.0,0.17900000000000005,0.8206010883720947,0.9596832581433261,0.2881491184234619
waveform,2,XGB_tuned,0.827,0.99875,0.17175000000000007,0.8266074411004147,0.95966723115621,0.29479503631591797
waveform,2,LGBM_default,0.827,1.0,0.17300000000000004,0.826640459011463,0.9618298696254951,0.20023894309997559
waveform,2,AdaPrune_gap,0.823,0.9455,0.12250000000000005,0.8227442407325136,0.9537131512515862,11.212737321853638
waveform,2,AdaPrune_trend,0.823,0.9455,0.12250000000000005,0.8227442407325136,0.9537131512515862,11.376534938812256
waveform,2,AdaPrune_data,0.826,0.9405,0.11450000000000005,0.8259102711647445,0.9526474401528188,10.624938726425171
waveform,2,AdaPrune_hybrid,0.82,0.94225,0.12225000000000008,0.8199071069167444,0.9528605507611577,10.798716068267822
waveform,3,RF_default,0.866,1.0,0.134,0.8656611150465814,0.9691543145064782,0.14722633361816406
waveform,3,XGB_default,0.873,1.0,0.127,0.8729459041484112,0.9702238065562073,0.30813074111938477
waveform,3,XGB_tuned,0.872,0.9995,0.12750000000000006,0.8720105997229696,0.972104155094631,0.2878131866455078
waveform,3,LGBM_default,0.867,1.0,0.133,0.8670798801758873,0.9716470653317618,0.181121826171875
waveform,3,AdaPrune_gap,0.857,0.93875,0.08174999999999999,0.8567515241960504,0.9678813646196017,11.105552673339844
waveform,3,AdaPrune_trend,0.858,0.937,0.07900000000000007,0.8577695004999696,0.9677566508158002,10.634744882583618
waveform,3,AdaPrune_data,0.857,0.93575,0.07874999999999999,0.8569255151453294,0.9670434363413851,10.530992269515991
waveform,3,AdaPrune_hybrid,0.855,0.938,0.08299999999999996,0.8547717266268247,0.9677821409056219,10.785114526748657
waveform,4,RF_default,0.829,1.0,0.17100000000000004,0.8284999766104384,0.9663899290549541,0.14525318145751953
waveform,4,XGB_default,0.844,1.0,0.15600000000000003,0.8438241997747903,0.9690450011063995,0.27970337867736816
waveform,4,XGB_tuned,0.852,0.99875,0.14675000000000005,0.8518225926350115,0.9695145706040942,0.28765368461608887
waveform,4,LGBM_default,0.847,1.0,0.15300000000000002,0.8469160913198505,0.9695067490369809,0.1856689453125
waveform,4,AdaPrune_gap,0.844,0.94875,0.10475000000000001,0.8437383209811086,0.9643763338887911,10.82921838760376
waveform,4,AdaPrune_trend,0.844,0.94875,0.10475000000000001,0.8437383209811086,0.9643763338887911,10.895570993423462
waveform,4,AdaPrune_data,0.843,0.93675,0.09375,0.8427391754788317,0.9645075483541743,10.291738510131836
waveform,4,AdaPrune_hybrid,0.844,0.94875,0.10475000000000001,0.8437383209811086,0.9643763338887911,10.841724157333374
